p,acc
0.707107,0.62657
0.707965,0.62822
0.708824,0.62638
0.709683,0.62662
0.710541,0.62744
0.7114,0.62658
0.712258,0.62467
0.713117,0.62869
0.713975,0.62701
0.714834,0.62507
0.715693,0.62636
0.716551,0.6263
0.71741,0.62404
0.718268,0.62549
0.719127,0.62829
0.719985,0.62403
0.720844,0.62743
0.721703,0.62508
0.722561,0.62373
0.72342,0.62697
0.724278,0.62508
0.725137,0.62725
0.725996,0.63027
0.726854,0.62846
0.727713,0.62485
0.728571,0.62549
0.72943,0.62874
0.730288,0.62528
0.731147,0.62712
0.732006,0.62614
0.732864,0.62452
0.733723,0.62439
0.734581,0.62654
0.73544,0.62615
0.736298,0.62521
0.737157,0.62342
0.738016,0.62612
0.738874,0.62828
0.739733,0.62568
0.740591,0.62677
0.74145,0.62596
0.742309,0.62754
0.743167,0.62607
0.744026,0.6253
0.744884,0.62573
0.745743,0.62657
0.746601,0.62659
0.74746,0.62593
0.748319,0.62546
0.749177,0.62487
0.750036,0.62653
0.750894,0.62552
0.751753,0.62635
0.752611,0.62149
0.75347,0.62505
0.754329,0.62824
0.755187,0.62779
0.756046,0.62304
0.756904,0.6237
0.757763,0.62626
0.758621,0.62755
0.75948,0.62343
0.760339,0.62681
0.761197,0.624
0.762056,0.62762
0.762914,0.62265
0.763773,0.62316
0.764632,0.62336
0.76549,0.62707
0.766349,0.62306
0.767207,0.62288
0.768066,0.62518
0.768924,0.62458
0.769783,0.62457
0.770642,0.62496
0.7715,0.62679
0.772359,0.62145
0.773217,0.62354
0.774076,0.62526
0.774934,0.62246
0.775793,0.62364
0.776652,0.62514
0.77751,0.62304
0.778369,0.62298
0.779227,0.62384
0.780086,0.62276
0.780945,0.62238
0.781803,0.62635
0.782662,0.62293
0.78352,0.62377
0.784379,0.62304
0.785237,0.62354
0.786096,0.62484
0.786955,0.62268
0.787813,0.62354
0.788672,0.62453
0.78953,0.62173
0.790389,0.62343
0.791247,0.6204
0.792106,0.62154
0.792965,0.62327
0.793823,0.62223
0.794682,0.62225
0.79554,0.62375
0.796399,0.62078
0.797258,0.62261
0.798116,0.62286
0.798975,0.62037
0.799833,0.62281
0.800692,0.62126
0.80155,0.62135
0.802409,0.62086
0.803268,0.62172
0.804126,0.62202
0.804985,0.6218
0.805843,0.62103
0.806702,0.62037
0.80756,0.62407
0.808419,0.62083
0.809278,0.6229
0.810136,0.61968
0.810995,0.62223
0.811853,0.62134
0.812712,0.62036
0.813571,0.62009
0.814429,0.62033
0.815288,0.62001
0.816146,0.61989
0.817005,0.61867
0.817863,0.62387
0.818722,0.61999
0.819581,0.61887
0.820439,0.61881
0.821298,0.62078
0.822156,0.61797
0.823015,0.62091
0.823873,0.61943
0.824732,0.6172
0.825591,0.61777
0.826449,0.61773
0.827308,0.62017
0.828166,0.61959
0.829025,0.61904
0.829884,0.61929
0.830742,0.61915
0.831601,0.61639
0.832459,0.62019
0.833318,0.62096
0.834176,0.61973
0.835035,0.61689
0.835894,0.6188
0.836752,0.61952
0.837611,0.6205
0.838469,0.61794
0.839328,0.62106
0.840186,0.62228
0.841045,0.6205
0.841904,0.61727
0.842762,0.61945
0.843621,0.61609
0.844479,0.61618
0.845338,0.61731
0.846197,0.62118
0.847055,0.61524
0.847914,0.61926
0.848772,0.61814
0.849631,0.61453
0.850489,0.6162
0.851348,0.61599
0.852207,0.61918
0.853065,0.61548
0.853924,0.61263
0.854782,0.61764
0.855641,0.61438
0.856499,0.61581
0.857358,0.61761
0.858217,0.61409
0.859075,0.61653
0.859934,0.61472
0.860792,0.61631
0.861651,0.61404
0.86251,0.61424
0.863368,0.61312
0.864227,0.61575
0.865085,0.61476
0.865944,0.61557
0.866802,0.6122
0.867661,0.61323
0.86852,0.61374
0.869378,0.61342
0.870237,0.61338
0.871095,0.61346
0.871954,0.61444
0.872812,0.61323
0.873671,0.61437
0.87453,0.61315
0.875388,0.6127
0.876247,0.61298
0.877105,0.61476
0.877964,0.61028
0.878823,0.61342
0.879681,0.61197
0.88054,0.61232
0.881398,0.6134
0.882257,0.61243
0.883115,0.61117
0.883974,0.60999
0.884833,0.61141
0.885691,0.61274
0.88655,0.61147
0.887408,0.61066
0.888267,0.61335
0.889125,0.6102
0.889984,0.61286
0.890843,0.60951
0.891701,0.61099
0.89256,0.61044
0.893418,0.61091
0.894277,0.612
0.895136,0.60948
0.895994,0.61072
0.896853,0.60651
0.897711,0.61167
0.89857,0.6105
0.899428,0.60851
0.900287,0.60661
0.901146,0.60861
0.902004,0.60854
0.902863,0.60728
0.903721,0.60536
0.90458,0.60627
0.905438,0.60752
0.906297,0.60948
0.907156,0.60727
0.908014,0.60656
0.908873,0.60884
0.909731,0.60813
0.91059,0.60761
0.911448,0.60564
0.912307,0.60918
0.913166,0.60628
0.914024,0.6068
0.914883,0.60825
0.915741,0.60655
0.9166,0.60477
0.917459,0.60464
0.918317,0.60247
0.919176,0.6075
0.920034,0.60265
0.920893,0.60795
0.921751,0.60224
0.92261,0.60422
0.923469,0.60514
0.924327,0.60738
0.925186,0.6055
0.926044,0.60212
0.926903,0.60675
0.927761,0.60776
0.92862,0.60653
0.929479,0.60465
0.930337,0.60492
0.931196,0.60377
0.932054,0.60267
0.932913,0.60343
0.933772,0.60072
0.93463,0.60247
0.935489,0.60398
0.936347,0.60494
0.937206,0.6021
0.938064,0.60103
0.938923,0.60166
0.939782,0.60289
0.94064,0.60233
0.941499,0.60192
0.942357,0.60114
0.943216,0.60322
0.944074,0.6016
0.944933,0.60033
0.945792,0.60299
0.94665,0.59824
0.947509,0.59931
0.948367,0.60042
0.949226,0.5971
0.950085,0.60112
0.950943,0.59784
0.951802,0.60063
0.95266,0.59992
0.953519,0.60048
0.954377,0.59976
0.955236,0.59968
0.956095,0.59725
0.956953,0.60177
0.957812,0.59978
0.95867,0.59913
0.959529,0.59851
0.960387,0.59836
0.961246,0.59813
0.962105,0.59611
0.962963,0.59896
0.963822,0.59842
0.96468,0.60024
0.965539,0.59765
0.966398,0.59721
0.967256,0.59794
0.968115,0.59381
0.968973,0.59714
0.969832,0.59461
0.97069,0.5969
0.971549,0.59646
0.972408,0.5941
0.973266,0.59523
0.974125,0.59583
0.974983,0.59287
0.975842,0.59615
0.9767,0.5947
0.977559,0.59606
0.978418,0.5919
0.979276,0.59204
0.980135,0.59604
0.980993,0.5938
0.981852,0.59477
0.982711,0.59286
0.983569,0.59562
0.984428,0.59303
0.985286,0.5941
0.986145,0.59331
0.987003,0.59282
0.987862,0.59267
0.988721,0.59712
0.989579,0.59521
0.990438,0.59341
0.991296,0.59357
0.992155,0.59048
0.993013,0.59303
0.993872,0.59016
0.994731,0.59193
0.995589,0.592
0.996448,0.58967
0.997306,0.58987
0.998165,0.59243
0.999024,0.5918
0.999882,0.59066
1.00074,0.59057
1.0016,0.59246
1.00246,0.59073
1.00332,0.58989
1.00417,0.59253
1.00503,0.59023
1.00589,0.58772
1.00675,0.58915
1.00761,0.58905
1.00847,0.58982
1.00933,0.59064
1.01019,0.58844
1.01104,0.58831
1.0119,0.58596
1.01276,0.58471
1.01362,0.58928
1.01448,0.58834
1.01534,0.5868
1.0162,0.58812
1.01705,0.58772
1.01791,0.58753
1.01877,0.58878
1.01963,0.58644
1.02049,0.58698
1.02135,0.58622
1.02221,0.58422
1.02306,0.58698
1.02392,0.58664
1.02478,0.58506
1.02564,0.58522
1.0265,0.58496
1.02736,0.58396
1.02822,0.58488
1.02907,0.5865
1.02993,0.58359
1.03079,0.58471
1.03165,0.58572
1.03251,0.58522
1.03337,0.58431
1.03423,0.58339
1.03508,0.58341
1.03594,0.5895
1.0368,0.58116
1.03766,0.58205
1.03852,0.58507
1.03938,0.58076
1.04024,0.58138
1.04109,0.5824
1.04195,0.58304
1.04281,0.58401
1.04367,0.58175
1.04453,0.57938
1.04539,0.58297
1.04625,0.58258
1.0471,0.58284
1.04796,0.58185
1.04882,0.58147
1.04968,0.58477
1.05054,0.57999
1.0514,0.57883
1.05226,0.58121
1.05311,0.58123
1.05397,0.5803
1.05483,0.58012
1.05569,0.58028
1.05655,0.57878
1.05741,0.57883
1.05827,0.57911
1.05912,0.58002
1.05998,0.57625
1.06084,0.57995
1.0617,0.57927
1.06256,0.58012
1.06342,0.57838
1.06428,0.57901
1.06513,0.57925
1.06599,0.57649
1.06685,0.57795
1.06771,0.57537
1.06857,0.57776
1.06943,0.57356
1.07029,0.57553
1.07114,0.5767
1.072,0.57377
1.07286,0.57591
1.07372,0.57634
1.07458,0.57603
1.07544,0.57808
1.0763,0.57445
1.07715,0.57216
1.07801,0.57478
1.07887,0.57247
1.07973,0.5764
1.08059,0.57526
1.08145,0.57529
1.08231,0.57142
1.08316,0.57546
1.08402,0.57283
1.08488,0.57562
1.08574,0.57158
1.0866,0.57591
1.08746,0.57274
1.08832,0.57226
1.08917,0.57255
1.09003,0.5712
1.09089,0.57348
1.09175,0.57133
1.09261,0.57012
1.09347,0.57233
1.09433,0.57281
1.09518,0.57151
1.09604,0.57195
1.0969,0.5714
1.09776,0.57029
1.09862,0.5712
1.09948,0.56739
1.10034,0.57345
1.10119,0.57148
1.10205,0.56705
1.10291,0.56971
1.10377,0.57103
1.10463,0.5724
1.10549,0.56716
1.10635,0.56971
1.1072,0.56875
1.10806,0.56906
1.10892,0.56722
1.10978,0.56692
1.11064,0.56905
1.1115,0.56667
1.11236,0.56697
1.11321,0.56914
1.11407,0.56718
1.11493,0.56465
1.11579,0.56714
1.11665,0.56692
1.11751,0.56568
1.11837,0.56703
1.11922,0.56471
1.12008,0.56386
1.12094,0.56437
1.1218,0.56558
1.12266,0.5642
1.12352,0.56574
1.12438,0.56629
1.12523,0.5648
1.12609,0.5656
1.12695,0.562
1.12781,0.56361
1.12867,0.56141
1.12953,0.56487
1.13039,0.56433
1.13124,0.56492
1.1321,0.56374
1.13296,0.56247
1.13382,0.56177
1.13468,0.5634
1.13554,0.56256
1.1364,0.562
1.13725,0.56105
1.13811,0.56201
1.13897,0.56122
1.13983,0.56394
1.14069,0.56084
1.14155,0.56179
1.14241,0.5622
1.14326,0.5596
1.14412,0.55936
1.14498,0.56065
1.14584,0.55966
1.1467,0.55988
1.14756,0.5594
1.14842,0.56157
1.14927,0.56108
1.15013,0.55621
1.15099,0.55863
1.15185,0.55934
1.15271,0.56104
1.15357,0.56114
1.15443,0.5598
1.15528,0.55839
1.15614,0.55749
1.157,0.55754
1.15786,0.55829
1.15872,0.55727
1.15958,0.55692
1.16044,0.55953
1.16129,0.55802
1.16215,0.55462
1.16301,0.55913
1.16387,0.55516
1.16473,0.55511
1.16559,0.55474
1.16645,0.55625
1.1673,0.55551
1.16816,0.55459
1.16902,0.55432
1.16988,0.55461
1.17074,0.55459
1.1716,0.5544
1.17246,0.55501
1.17331,0.55344
1.17417,0.55223
1.17503,0.55751
1.17589,0.55405
1.17675,0.55169
1.17761,0.55163
1.17847,0.55412
1.17933,0.55497
1.18018,0.5521
1.18104,0.55058
1.1819,0.55233
1.18276,0.55461
1.18362,0.55348
1.18448,0.55399
1.18534,0.54919
1.18619,0.55191
1.18705,0.55039
1.18791,0.55222
1.18877,0.55123
1.18963,0.55032
1.19049,0.54836
1.19135,0.55054
1.1922,0.55183
1.19306,0.55106
1.19392,0.55087
1.19478,0.54767
1.19564,0.55012
1.1965,0.54844
1.19736,0.55059
1.19821,0.54787
1.19907,0.54816
1.19993,0.55059
1.20079,0.54778
1.20165,0.54752
1.20251,0.54812
1.20337,0.54588
1.20422,0.5468
1.20508,0.54796
1.20594,0.54802
1.2068,0.54637
1.20766,0.54615
1.20852,0.54673
1.20938,0.54613
1.21023,0.54683
1.21109,0.5468
1.21195,0.54779
1.21281,0.54688
1.21367,0.54928
1.21453,0.54358
1.21539,0.54347
1.21624,0.54652
1.2171,0.54545
1.21796,0.54414
1.21882,0.54501
1.21968,0.54272
1.22054,0.54139
1.2214,0.54496
1.22225,0.54519
1.22311,0.54314
1.22397,0.54434
1.22483,0.54458
1.22569,0.54057
1.22655,0.542
1.22741,0.54302
1.22826,0.54191
1.22912,0.54321
1.22998,0.54438
1.23084,0.54063
1.2317,0.54164
1.23256,0.54071
1.23342,0.54047
1.23427,0.5423
1.23513,0.53895
1.23599,0.54087
1.23685,0.53746
1.23771,0.53999
1.23857,0.53926
1.23943,0.53817
1.24028,0.5367
1.24114,0.53956
1.242,0.54038
1.24286,0.54046
1.24372,0.53911
1.24458,0.53956
1.24544,0.53623
1.24629,0.53971
1.24715,0.53751
1.24801,0.5375
1.24887,0.53755
1.24973,0.53739
1.25059,0.53628
1.25145,0.53759
1.2523,0.53726
1.25316,0.53928
1.25402,0.53506
1.25488,0.53578
1.25574,0.53873
1.2566,0.53576
1.25746,0.53378
1.25831,0.53725
1.25917,0.53765
1.26003,0.53402
1.26089,0.5373
1.26175,0.53444
1.26261,0.53196
1.26347,0.53532
1.26432,0.53476
1.26518,0.53247
1.26604,0.53206
1.2669,0.53514
1.26776,0.53167
1.26862,0.53387
1.26948,0.53117
1.27033,0.53269
1.27119,0.53492
1.27205,0.53367
1.27291,0.5338
1.27377,0.53003
1.27463,0.53118
1.27549,0.53216
1.27634,0.53288
1.2772,0.53074
1.27806,0.53178
1.27892,0.52681
1.27978,0.52909
1.28064,0.52938
1.2815,0.52981
1.28235,0.52844
1.28321,0.5265
1.28407,0.53033
1.28493,0.53102
1.28579,0.52823
1.28665,0.53065
1.28751,0.52777
1.28836,0.52785
1.28922,0.52519
1.29008,0.52741
1.29094,0.5265
1.2918,0.52996
1.29266,0.52849
1.29352,0.52806
1.29437,0.52872
1.29523,0.52518
1.29609,0.52456
1.29695,0.52423
1.29781,0.52555
1.29867,0.52558
1.29953,0.52771
1.30038,0.52433
1.30124,0.52866
1.3021,0.52568
1.30296,0.52711
1.30382,0.52725
1.30468,0.52635
1.30554,0.52453
1.30639,0.52445
1.30725,0.52427
1.30811,0.52351
1.30897,0.52579
1.30983,0.52278
1.31069,0.52214
1.31155,0.52307
1.3124,0.52518
1.31326,0.52126
1.31412,0.52356
1.31498,0.51952
1.31584,0.51856
1.3167,0.52392
1.31756,0.52106
1.31841,0.52174
1.31927,0.52196
1.32013,0.5224
1.32099,0.52288
1.32185,0.52459
1.32271,0.51943
1.32357,0.51938
1.32442,0.52057
1.32528,0.51959
1.32614,0.52157
1.327,0.51898
1.32786,0.52071
1.32872,0.51918
1.32958,0.51882
1.33043,0.51694
1.33129,0.51965
1.33215,0.5179
1.33301,0.51997
1.33387,0.51883
1.33473,0.51838
1.33559,0.51735
1.33644,0.51984
1.3373,0.51689
1.33816,0.51856
1.33902,0.51551
1.33988,0.51563
1.34074,0.51923
1.3416,0.51744
1.34245,0.51753
1.34331,0.5181
1.34417,0.51568
1.34503,0.51582
1.34589,0.51603
1.34675,0.51575
1.34761,0.51698
1.34847,0.51588
1.34932,0.5143
1.35018,0.51494
1.35104,0.5147
1.3519,0.5116
1.35276,0.51816
1.35362,0.51609
1.35448,0.51381
1.35533,0.5121
1.35619,0.51267
1.35705,0.51488
1.35791,0.51373
1.35877,0.5137
1.35963,0.51353
1.36049,0.51083
1.36134,0.51153
1.3622,0.51173
1.36306,0.51628
1.36392,0.51298
1.36478,0.51117
1.36564,0.51508
1.3665,0.51212
1.36735,0.51385
1.36821,0.51026
1.36907,0.51506
1.36993,0.51272
1.37079,0.50864
1.37165,0.50987
1.37251,0.51205
1.37336,0.50889
1.37422,0.51241
1.37508,0.51155
1.37594,0.5087
1.3768,0.50992
1.37766,0.509
1.37852,0.50804
1.37937,0.50879
1.38023,0.50876
1.38109,0.51019
1.38195,0.50688
1.38281,0.50779
1.38367,0.50765
1.38453,0.50662
1.38538,0.50954
1.38624,0.50697
1.3871,0.50835
1.38796,0.50881
1.38882,0.50538
1.38968,0.50818
1.39054,0.50549
1.39139,0.5082
1.39225,0.50533
1.39311,0.50314
1.39397,0.50758
1.39483,0.50233
1.39569,0.5069
1.39655,0.50606
1.3974,0.50448
1.39826,0.50796
1.39912,0.50607
1.39998,0.50379
1.40084,0.50642
1.4017,0.50522
1.40256,0.50548
1.40341,0.50367
1.40427,0.50243
1.40513,0.50345
1.40599,0.50113
1.40685,0.50332
1.40771,0.50416
1.40857,0.4995
1.40942,0.50064
1.41028,0.50087
1.41114,0.50159
1.412,0.50146
1.41286,0.50245
1.41372,0.50133
1.41458,0.5036
1.41543,0.50061
1.41629,0.5044
1.41715,0.49839
1.41801,0.50193
1.41887,0.50014
1.41973,0.50051
1.42059,0.50076
1.42144,0.50154
1.4223,0.50009
1.42316,0.50016
1.42402,0.50135
1.42488,0.49965
1.42574,0.50019
1.4266,0.49941
1.42745,0.49885
1.42831,0.49849
1.42917,0.49727
1.43003,0.49698
1.43089,0.49686
1.43175,0.49634
1.43261,0.49903
1.43346,0.50049
1.43432,0.49921
1.43518,0.49673
1.43604,0.49814
1.4369,0.4965
1.43776,0.49509
1.43862,0.49793
1.43947,0.49416
1.44033,0.49522
1.44119,0.49671
1.44205,0.496
1.44291,0.49335
1.44377,0.49684
1.44463,0.49637
1.44548,0.49388
1.44634,0.49348
1.4472,0.49614
1.44806,0.49452
1.44892,0.49269
1.44978,0.49084
1.45064,0.4927
1.45149,0.49438
1.45235,0.49257
1.45321,0.49279
1.45407,0.49382
1.45493,0.49208
1.45579,0.49347
1.45665,0.49338
1.4575,0.49516
1.45836,0.49305
1.45922,0.49031
1.46008,0.49146
1.46094,0.49088
1.4618,0.49226
1.46266,0.48973
1.46351,0.48997
1.46437,0.49336
1.46523,0.49038
1.46609,0.4919
1.46695,0.49109
1.46781,0.48864
1.46867,0.49084
1.46952,0.49179
1.47038,0.49045
1.47124,0.49239
1.4721,0.48868
1.47296,0.49025
1.47382,0.4891
1.47468,0.4893
1.47553,0.48919
1.47639,0.48958
1.47725,0.48687
1.47811,0.48724
1.47897,0.48651
1.47983,0.48995
1.48069,0.48911
1.48154,0.48974
1.4824,0.48598
1.48326,0.48798
1.48412,0.4871
1.48498,0.48517
1.48584,0.48646
1.4867,0.48398
1.48755,0.48397
1.48841,0.48623
1.48927,0.48481
1.49013,0.48588
1.49099,0.48695
1.49185,0.48383
1.49271,0.48312
1.49356,0.48677
1.49442,0.48373
1.49528,0.48478
1.49614,0.48681
1.497,0.48255
1.49786,0.48353
1.49872,0.48462
1.49957,0.48379
1.50043,0.48225
1.50129,0.48221
1.50215,0.4846
1.50301,0.48165
1.50387,0.48441
1.50473,0.48379
1.50558,0.47974
1.50644,0.48082
1.5073,0.48193
1.50816,0.4803
1.50902,0.48131
1.50988,0.4849
1.51074,0.48602
1.51159,0.47923
1.51245,0.48134
1.51331,0.47907
1.51417,0.47748
1.51503,0.48049
1.51589,0.48014
1.51675,0.4807
1.51761,0.47839
1.51846,0.48104
1.51932,0.48108
1.52018,0.47958
1.52104,0.47948
1.5219,0.48057
1.52276,0.4782
1.52362,0.47735
1.52447,0.47697
1.52533,0.47897
1.52619,0.47831
1.52705,0.47636
1.52791,0.48007
1.52877,0.47856
1.52963,0.47934
1.53048,0.47685
1.53134,0.47783
1.5322,0.47594
1.53306,0.47459
1.53392,0.4743
1.53478,0.47683
1.53564,0.4735
1.53649,0.47512
1.53735,0.47312
1.53821,0.47408
1.53907,0.4773
1.53993,0.47432
1.54079,0.47699
1.54165,0.47232
1.5425,0.47221
1.54336,0.47368
1.54422,0.47359
1.54508,0.47319
1.54594,0.47364
1.5468,0.47359
1.54766,0.47578
1.54851,0.47512
1.54937,0.47208
1.55023,0.47754
1.55109,0.47259
1.55195,0.47179
1.55281,0.47169
1.55367,0.46944
1.55452,0.47288
1.55538,0.47259
1.55624,0.47031
1.5571,0.47316
1.55796,0.47381
1.55882,0.46792
1.55968,0.47114
1.56053,0.46857
1.56139,0.46733
1.56225,0.47219
1.56311,0.46934
1.56397,0.47052
1.56483,0.47229
1.56569,0.46886
1.56654,0.4709
1.5674,0.47093
1.56826,0.46801
1.56912,0.47096
1.56998,0.47137
1.57084,0.47006
1.5717,0.46891
1.57255,0.46747
1.57341,0.46508
1.57427,0.47053
1.57513,0.46959
1.57599,0.4667
1.57685,0.46886
1.57771,0.46797
1.57856,0.46931
1.57942,0.46707
1.58028,0.46546
1.58114,0.46934
1.582,0.4654
1.58286,0.46467
1.58372,0.46529
1.58457,0.46702
1.58543,0.46757
1.58629,0.46619
1.58715,0.46539
1.58801,0.46592
1.58887,0.46281
1.58973,0.46488
1.59058,0.46522
1.59144,0.46384
1.5923,0.46037
1.59316,0.46469
1.59402,0.46452
1.59488,0.46573
1.59574,0.46346
1.59659,0.46342
1.59745,0.46422
1.59831,0.46304
1.59917,0.46239
1.60003,0.46499
1.60089,0.46395
1.60175,0.46373
1.6026,0.46417
1.60346,0.46477
1.60432,0.46608
1.60518,0.46158
1.60604,0.45938
1.6069,0.45946
1.60776,0.46259
1.60861,0.45875
1.60947,0.46237
1.61033,0.46008
1.61119,0.46084
1.61205,0.46198
1.61291,0.46373
1.61377,0.46307
1.61462,0.46289
1.61548,0.46317
1.61634,0.46161
1.6172,0.46033
1.61806,0.45916
1.61892,0.45855
1.61978,0.45901
1.62063,0.45885
1.62149,0.45773
1.62235,0.45792
1.62321,0.45865
1.62407,0.45904
1.62493,0.45846
1.62579,0.46227
1.62664,0.45499
1.6275,0.45774
1.62836,0.45619
1.62922,0.45811
1.63008,0.45619
1.63094,0.45587
1.6318,0.45747
1.63265,0.45589
1.63351,0.45502
1.63437,0.45605
1.63523,0.45631
1.63609,0.45693
1.63695,0.45659
1.63781,0.45644
1.63866,0.45595
1.63952,0.45285
1.64038,0.45713
1.64124,0.4559
1.6421,0.4571
1.64296,0.45223
1.64382,0.45178
1.64467,0.45321
1.64553,0.45737
1.64639,0.45274
1.64725,0.45382
1.64811,0.45335
1.64897,0.45464
1.64983,0.45593
1.65068,0.45266
1.65154,0.45496
1.6524,0.45522
1.65326,0.453
1.65412,0.45266
1.65498,0.45385
1.65584,0.45296
1.65669,0.45279
1.65755,0.44984
1.65841,0.45448
1.65927,0.45223
1.66013,0.45085
1.66099,0.45198
1.66185,0.4499
1.6627,0.45384
1.66356,0.45256
1.66442,0.44974
1.66528,0.45078
1.66614,0.45186
1.667,0.4496
1.66786,0.4495
1.66871,0.45044
1.66957,0.45252
1.67043,0.45031
1.67129,0.44656
1.67215,0.45166
1.67301,0.44996
1.67387,0.45115
1.67472,0.45088
1.67558,0.44993
1.67644,0.44887
1.6773,0.45125
1.67816,0.44802
1.67902,0.44741
1.67988,0.44704
1.68073,0.44615
1.68159,0.44783
1.68245,0.44547
1.68331,0.44701
1.68417,0.44588
1.68503,0.44879
1.68589,0.44666
1.68675,0.44639
1.6876,0.44576
1.68846,0.44582
1.68932,0.44575
1.69018,0.44908
1.69104,0.44445
1.6919,0.44344
1.69276,0.44568
1.69361,0.44846
1.69447,0.44794
1.69533,0.44434
1.69619,0.44755
1.69705,0.44456
1.69791,0.44458
1.69877,0.44428
1.69962,0.44615
1.70048,0.44708
1.70134,0.44432
1.7022,0.44537
1.70306,0.44316
1.70392,0.44524
1.70478,0.44412
1.70563,0.44523
1.70649,0.44097
1.70735,0.44272
1.70821,0.44363
1.70907,0.44602
1.70993,0.44079
1.71079,0.44532
1.71164,0.44398
1.7125,0.44337
1.71336,0.44348
1.71422,0.44433
1.71508,0.43968
1.71594,0.4412
1.7168,0.43886
1.71765,0.44284
1.71851,0.4396
1.71937,0.4437
1.72023,0.44273
1.72109,0.43959
1.72195,0.43928
1.72281,0.44231
1.72366,0.44075
1.72452,0.44178
1.72538,0.4403
1.72624,0.43892
1.7271,0.4388
1.72796,0.44106
1.72882,0.43692
1.72967,0.43886
1.73053,0.43944
1.73139,0.43648
1.73225,0.44239
1.73311,0.44007
1.73397,0.43712
1.73483,0.43662
1.73568,0.4376
1.73654,0.43593
1.7374,0.43774
1.73826,0.43975
1.73912,0.43613
1.73998,0.4354
1.74084,0.43849
1.74169,0.43911
1.74255,0.43809
1.74341,0.43734
1.74427,0.43468
1.74513,0.43568
1.74599,0.43579
1.74685,0.43476
1.7477,0.4365
1.74856,0.43483
1.74942,0.43414
1.75028,0.43573
1.75114,0.43634
1.752,0.43265
1.75286,0.43372
1.75371,0.43495
1.75457,0.43534
1.75543,0.43385
1.75629,0.4356
1.75715,0.43541
1.75801,0.43351
1.75887,0.43318
1.75972,0.43379
1.76058,0.43137
1.76144,0.4321
1.7623,0.43194
1.76316,0.43437
1.76402,0.43322
1.76488,0.43352
1.76573,0.43163
1.76659,0.43399
1.76745,0.43192
1.76831,0.43047
1.76917,0.43077
1.77003,0.43371
1.77089,0.43133
1.77174,0.43252
1.7726,0.43397
1.77346,0.43024
1.77432,0.42958
1.77518,0.43111
1.77604,0.43095
1.7769,0.4328
1.77775,0.43149
1.77861,0.43228
1.77947,0.42752
1.78033,0.43277
1.78119,0.42954
1.78205,0.42811
1.78291,0.42948
1.78376,0.42941
1.78462,0.42895
1.78548,0.42984
1.78634,0.42909
1.7872,0.42952
1.78806,0.4268
1.78892,0.42748
1.78977,0.42969
1.79063,0.42662
1.79149,0.42924
1.79235,0.42586
1.79321,0.42917
1.79407,0.43019
1.79493,0.42828
1.79578,0.42602
1.79664,0.43004
1.7975,0.42718
1.79836,0.42934
1.79922,0.42617
1.80008,0.42541
1.80094,0.42787
1.80179,0.42439
1.80265,0.42448
1.80351,0.42767
1.80437,0.42502
1.80523,0.42795
1.80609,0.42449
1.80695,0.42444
1.8078,0.42605
1.80866,0.42359
1.80952,0.4238
1.81038,0.42345
1.81124,0.42669
1.8121,0.42778
1.81296,0.41999
1.81381,0.42333
1.81467,0.42244
1.81553,0.42284
1.81639,0.42492
1.81725,0.42574
1.81811,0.42202
1.81897,0.42489
1.81982,0.42309
1.82068,0.42151
1.82154,0.42401
1.8224,0.42307
1.82326,0.42228
1.82412,0.41982
1.82498,0.42266
1.82583,0.42262
1.82669,0.42157
1.82755,0.42307
1.82841,0.42082
1.82927,0.42272
1.83013,0.42172
1.83099,0.4218
1.83184,0.41935
1.8327,0.41751
1.83356,0.42186
1.83442,0.41933
1.83528,0.42306
1.83614,0.4224
1.837,0.41754
1.83785,0.41821
1.83871,0.42391
1.83957,0.42026
1.84043,0.42012
1.84129,0.42028
1.84215,0.41886
1.84301,0.41973
1.84386,0.41652
1.84472,0.41927
1.84558,0.41829
1.84644,0.41963
1.8473,0.41474
1.84816,0.41696
1.84902,0.41501
1.84987,0.41799
1.85073,0.4172
1.85159,0.41906
1.85245,0.41622
1.85331,0.41903
1.85417,0.41811
1.85503,0.41666
1.85589,0.41771
1.85674,0.41528
1.8576,0.41774
1.85846,0.4176
1.85932,0.41833
1.86018,0.41903
1.86104,0.41458
1.8619,0.41637
1.86275,0.41514
1.86361,0.41418
1.86447,0.4132
1.86533,0.41449
1.86619,0.41651
1.86705,0.41752
1.86791,0.41626
1.86876,0.41523
1.86962,0.41491
1.87048,0.41322
1.87134,0.41378
1.8722,0.4164
1.87306,0.415
1.87392,0.41154
1.87477,0.41383
1.87563,0.4113
1.87649,0.41566
1.87735,0.41346
1.87821,0.41325
1.87907,0.41094
1.87993,0.41452
1.88078,0.41158
1.88164,0.41317
1.8825,0.41148
1.88336,0.41244
1.88422,0.41286
1.88508,0.41175
1.88594,0.41146
1.88679,0.41418
1.88765,0.41396
1.88851,0.4116
1.88937,0.4153
1.89023,0.41291
1.89109,0.41023
1.89195,0.41109
1.8928,0.41101
1.89366,0.41068
1.89452,0.40808
1.89538,0.41054
1.89624,0.41021
1.8971,0.40821
1.89796,0.41039
1.89881,0.41132
1.89967,0.41139
1.90053,0.40797
1.90139,0.41102
1.90225,0.40949
1.90311,0.40975
1.90397,0.41249
1.90482,0.40717
1.90568,0.4088
1.90654,0.40841
1.9074,0.408
1.90826,0.40621
1.90912,0.40786
1.90998,0.40844
1.91083,0.40905
1.91169,0.40708
1.91255,0.40826
1.91341,0.40841
1.91427,0.40781
1.91513,0.40947
1.91599,0.40718
1.91684,0.40879
1.9177,0.40578
1.91856,0.40744
1.91942,0.40563
1.92028,0.4059
1.92114,0.40698
1.922,0.40444
1.92285,0.40321
1.92371,0.40733
1.92457,0.40862
1.92543,0.40673
1.92629,0.40687
1.92715,0.40341
1.92801,0.4062
1.92886,0.40672
1.92972,0.40586
1.93058,0.40264
1.93144,0.40471
1.9323,0.40592
1.93316,0.40533
1.93402,0.40265
1.93487,0.40454
1.93573,0.39948
1.93659,0.40138
1.93745,0.40106
1.93831,0.40274
1.93917,0.40439
1.94003,0.40519
1.94088,0.40282
1.94174,0.40442
1.9426,0.40325
1.94346,0.40334
1.94432,0.40332
1.94518,0.40359
1.94604,0.40075
1.94689,0.40073
1.94775,0.40063
1.94861,0.40298
1.94947,0.40031
1.95033,0.40464
1.95119,0.40131
1.95205,0.40211
1.9529,0.40247
1.95376,0.40039
1.95462,0.40211
1.95548,0.3983
1.95634,0.40121
1.9572,0.3968
1.95806,0.40142
1.95891,0.40301
1.95977,0.40223
1.96063,0.40128
1.96149,0.40343
1.96235,0.40014
1.96321,0.40151
1.96407,0.39621
1.96492,0.40083
1.96578,0.40327
1.96664,0.39785
1.9675,0.39951
1.96836,0.39866
1.96922,0.39821
1.97008,0.39853
1.97093,0.39979
1.97179,0.39718
1.97265,0.39935
1.97351,0.39797
1.97437,0.3997
1.97523,0.3987
1.97609,0.39873
1.97694,0.3961
1.9778,0.39688
1.97866,0.39661
1.97952,0.397
1.98038,0.39537
1.98124,0.39545
1.9821,0.39579
1.98295,0.39675
1.98381,0.39762
1.98467,0.39882
1.98553,0.39639
1.98639,0.3945
1.98725,0.39504
1.98811,0.39587
1.98896,0.39242
1.98982,0.39646
1.99068,0.39533
1.99154,0.394
1.9924,0.3962
1.99326,0.39271
1.99412,0.39565
1.99497,0.39703
1.99583,0.39569
1.99669,0.39524
1.99755,0.39537
1.99841,0.39247
1.99927,0.39402
2.00013,0.39276
2.00098,0.39456
2.00184,0.39067
2.0027,0.39254
2.00356,0.39219
2.00442,0.39526
2.00528,0.39424
2.00614,0.39485
2.00699,0.39129
2.00785,0.39219
2.00871,0.39025
2.00957,0.39243
2.01043,0.39515
2.01129,0.39019
2.01215,0.39244
2.013,0.39229
2.01386,0.39409
2.01472,0.38967
2.01558,0.3932
2.01644,0.38934
2.0173,0.39027
2.01816,0.3937
2.01901,0.38829
2.01987,0.38828
2.02073,0.38963
2.02159,0.39185
2.02245,0.38891
2.02331,0.38985
2.02417,0.39302
2.02502,0.38844
2.02588,0.39011
2.02674,0.38982
2.0276,0.39257
2.02846,0.39081
2.02932,0.38737
2.03018,0.38792
2.03104,0.38912
2.03189,0.38953
2.03275,0.38797
2.03361,0.39302
2.03447,0.38804
2.03533,0.38964
2.03619,0.38927
2.03705,0.38626
2.0379,0.38947
2.03876,0.38962
2.03962,0.38675
2.04048,0.38834
2.04134,0.38605
2.0422,0.38822
2.04306,0.38897
2.04391,0.38947
2.04477,0.38978
2.04563,0.38751
2.04649,0.38749
2.04735,0.38706
2.04821,0.38593
2.04907,0.38773
2.04992,0.38555
2.05078,0.38741
2.05164,0.38477
2.0525,0.3846
2.05336,0.38716
2.05422,0.38491
2.05508,0.38872
2.05593,0.38416
2.05679,0.38729
2.05765,0.38566
2.05851,0.38726
2.05937,0.38681
2.06023,0.38695
2.06109,0.38715
2.06194,0.38479
2.0628,0.38236
2.06366,0.38401
2.06452,0.38336
2.06538,0.38328
2.06624,0.38211
2.0671,0.38244
2.06795,0.38601
2.06881,0.38321
2.06967,0.38377
2.07053,0.38103
2.07139,0.38559
2.07225,0.3818
2.07311,0.38495
2.07396,0.38032
2.07482,0.38186
2.07568,0.38593
2.07654,0.38052
2.0774,0.38188
2.07826,0.38544
2.07912,0.3807
2.07997,0.38163
2.08083,0.37933
2.08169,0.38179
2.08255,0.38438
2.08341,0.38143
2.08427,0.38275
2.08513,0.38352
2.08598,0.3842
2.08684,0.38189
2.0877,0.37782
2.08856,0.37867
2.08942,0.38085
2.09028,0.38195
2.09114,0.3824
2.09199,0.37949
2.09285,0.37828
2.09371,0.38036
2.09457,0.37962
2.09543,0.38003
2.09629,0.37951
2.09715,0.37842
2.098,0.38038
2.09886,0.38245
2.09972,0.37872
2.10058,0.37701
2.10144,0.37727
2.1023,0.37581
2.10316,0.3785
2.10401,0.37944
2.10487,0.37729
2.10573,0.37794
2.10659,0.3793
2.10745,0.37878
2.10831,0.37722
2.10917,0.37625
2.11002,0.3767
2.11088,0.37786
2.11174,0.37675
2.1126,0.37583
2.11346,0.37595
2.11432,0.37563
2.11518,0.37707
2.11603,0.37767
2.11689,0.37824
2.11775,0.37822
2.11861,0.3771
2.11947,0.37911
2.12033,0.37538
2.12119,0.3779
2.12204,0.37473
2.1229,0.3752
2.12376,0.37646
2.12462,0.37566
2.12548,0.37479
2.12634,0.37458
2.1272,0.37477
2.12805,0.37827
2.12891,0.37461
2.12977,0.37783
2.13063,0.37464
2.13149,0.37427
2.13235,0.37571
2.13321,0.37546
2.13406,0.37519
2.13492,0.37433
2.13578,0.3761
2.13664,0.37368
2.1375,0.37344
2.13836,0.37463
2.13922,0.37259
2.14007,0.37533
2.14093,0.37339
2.14179,0.37158
2.14265,0.37001
2.14351,0.37106
2.14437,0.37363
2.14523,0.37262
2.14608,0.37152
2.14694,0.37317
2.1478,0.3751
2.14866,0.371
2.14952,0.37408
2.15038,0.3724
2.15124,0.37253
2.15209,0.37135
2.15295,0.37228
2.15381,0.36996
2.15467,0.37081
2.15553,0.37138
2.15639,0.37
2.15725,0.3741
2.1581,0.36966
2.15896,0.37208
2.15982,0.36936
2.16068,0.36729
2.16154,0.36936
2.1624,0.36772
2.16326,0.36863
2.16411,0.36977
2.16497,0.37189
2.16583,0.37033
2.16669,0.36881
2.16755,0.37213
2.16841,0.3701
2.16927,0.37061
2.17012,0.36743
2.17098,0.36899
2.17184,0.3679
2.1727,0.36948
2.17356,0.36889
2.17442,0.36659
2.17528,0.36841
2.17613,0.36697
2.17699,0.36822
2.17785,0.36794
2.17871,0.36903
2.17957,0.36752
2.18043,0.36789
2.18129,0.36663
2.18214,0.36711
2.183,0.3675
2.18386,0.36735
2.18472,0.36901
2.18558,0.36588
2.18644,0.3667
2.1873,0.36673
2.18815,0.36825
2.18901,0.3661
2.18987,0.36607
2.19073,0.36693
2.19159,0.36699
2.19245,0.36572
2.19331,0.36518
2.19416,0.36552
2.19502,0.36494
2.19588,0.36242
2.19674,0.36182
2.1976,0.36536
2.19846,0.36441
2.19932,0.36506
2.20018,0.3673
2.20103,0.3661
2.20189,0.36537
2.20275,0.3661
2.20361,0.36335
2.20447,0.36497
2.20533,0.36603
2.20619,0.36514
2.20704,0.36263
2.2079,0.36571
2.20876,0.36576
2.20962,0.3624
2.21048,0.36319
2.21134,0.36459
2.2122,0.36339
2.21305,0.3615
2.21391,0.36406
2.21477,0.36273
2.21563,0.36317
2.21649,0.36318
2.21735,0.36417
2.21821,0.3623
2.21906,0.36216
2.21992,0.36347
2.22078,0.36446
2.22164,0.3625
2.2225,0.36422
2.22336,0.36404
2.22422,0.36019
2.22507,0.36531
2.22593,0.36062
2.22679,0.35943
2.22765,0.36586
2.22851,0.36153
2.22937,0.36115
2.23023,0.36333
2.23108,0.35974
2.23194,0.36129
2.2328,0.36271
2.23366,0.35717
2.23452,0.3597
2.23538,0.36077
2.23624,0.36111
2.23709,0.35979
2.23795,0.35896
2.23881,0.3617
2.23967,0.36023
2.24053,0.36019
2.24139,0.35906
2.24225,0.35955
2.2431,0.35908
2.24396,0.36096
2.24482,0.35868
2.24568,0.35947
2.24654,0.35949
2.2474,0.35883
2.24826,0.3595
2.24911,0.35894
2.24997,0.35785
2.25083,0.35892
2.25169,0.35554
2.25255,0.35708
2.25341,0.35793
2.25427,0.35708
2.25512,0.35908
2.25598,0.35994
2.25684,0.35848
2.2577,0.35909
2.25856,0.35762
2.25942,0.36014
2.26028,0.35828
2.26113,0.35761
2.26199,0.35684
2.26285,0.35556
2.26371,0.35441
2.26457,0.35696
2.26543,0.3558
2.26629,0.35698
2.26714,0.35574
2.268,0.35236
2.26886,0.3558
2.26972,0.35551
2.27058,0.35438
2.27144,0.3566
2.2723,0.35574
2.27315,0.35585
2.27401,0.35675
2.27487,0.3569
2.27573,0.35481
2.27659,0.35475
2.27745,0.35443
2.27831,0.3542
2.27916,0.35807
2.28002,0.35465
2.28088,0.35446
2.28174,0.35386
2.2826,0.3572
2.28346,0.35426
2.28432,0.35123
2.28517,0.3542
2.28603,0.35274
2.28689,0.3528
2.28775,0.35305
2.28861,0.35273
2.28947,0.35335
2.29033,0.35302
2.29118,0.35394
2.29204,0.35737
2.2929,0.35087
2.29376,0.35275
2.29462,0.35246
2.29548,0.35242
2.29634,0.35141
2.29719,0.3565
2.29805,0.35295
2.29891,0.35104
2.29977,0.35388
2.30063,0.35113
2.30149,0.35356
2.30235,0.35467
2.3032,0.35355
2.30406,0.34867
2.30492,0.35282
2.30578,0.35151
2.30664,0.35339
2.3075,0.3497
2.30836,0.35127
2.30921,0.35363
2.31007,0.3519
2.31093,0.34873
2.31179,0.34958
2.31265,0.35051
2.31351,0.35097
2.31437,0.3483
2.31522,0.34973
2.31608,0.34875
2.31694,0.35074
2.3178,0.35211
2.31866,0.3483
2.31952,0.34858
2.32038,0.34924
2.32123,0.35013
2.32209,0.35025
2.32295,0.34887
2.32381,0.34687
2.32467,0.34773
2.32553,0.3472
2.32639,0.34836
2.32724,0.34867
2.3281,0.349
2.32896,0.34811
2.32982,0.34888
2.33068,0.34995
2.33154,0.34982
2.3324,0.34898
2.33325,0.34459
2.33411,0.34858
2.33497,0.34967
2.33583,0.34862
2.33669,0.34673
2.33755,0.34587
2.33841,0.34745
2.33926,0.346
2.34012,0.34826
2.34098,0.35001
2.34184,0.34567
2.3427,0.34722
2.34356,0.34506
2.34442,0.34569
2.34527,0.34597
2.34613,0.34876
2.34699,0.34579
2.34785,0.34403
2.34871,0.3434
2.34957,0.34427
2.35043,0.34557
2.35128,0.34664
2.35214,0.34707
2.353,0.34467
2.35386,0.34732
2.35472,0.3462
2.35558,0.34607
2.35644,0.34513
2.35729,0.34231
2.35815,0.34686
2.35901,0.34445
2.35987,0.34398
2.36073,0.34215
2.36159,0.34197
2.36245,0.34545
2.3633,0.34294
2.36416,0.34346
2.36502,0.34418
2.36588,0.34399
2.36674,0.34444
2.3676,0.34246
2.36846,0.34079
2.36932,0.34299
2.37017,0.34399
2.37103,0.3446
2.37189,0.34072
2.37275,0.3429
2.37361,0.34327
2.37447,0.34034
2.37533,0.34085
2.37618,0.34069
2.37704,0.34221
2.3779,0.34593
2.37876,0.34164
2.37962,0.34341
2.38048,0.34038
2.38134,0.33926
2.38219,0.34191
2.38305,0.34341
2.38391,0.34297
2.38477,0.34191
2.38563,0.33978
2.38649,0.33929
2.38735,0.34037
2.3882,0.33739
2.38906,0.34034
2.38992,0.34103
2.39078,0.33668
2.39164,0.34075
2.3925,0.33868
2.39336,0.34051
2.39421,0.34093
2.39507,0.34095
2.39593,0.3409
2.39679,0.34266
2.39765,0.34067
2.39851,0.34127
2.39937,0.33806
2.40022,0.33948
2.40108,0.34009
2.40194,0.33909
2.4028,0.34263
2.40366,0.34341
2.40452,0.34096
2.40538,0.34078
2.40623,0.33912
2.40709,0.33893
2.40795,0.33749
2.40881,0.33695
2.40967,0.3386
2.41053,0.33563
2.41139,0.33883
2.41224,0.33924
2.4131,0.33981
2.41396,0.34038
2.41482,0.33819
2.41568,0.33822
2.41654,0.33663
2.4174,0.33531
2.41825,0.33672
2.41911,0.33608
2.41997,0.33525
2.42083,0.33727
2.42169,0.33892
2.42255,0.33594
2.42341,0.33516
2.42426,0.33992
2.42512,0.33535
2.42598,0.33487
2.42684,0.33638
2.4277,0.33689
2.42856,0.33623
2.42942,0.33593
2.43027,0.33746
2.43113,0.33491
2.43199,0.33504
2.43285,0.33769
2.43371,0.33413
2.43457,0.3356
2.43543,0.33417
2.43628,0.33525
2.43714,0.33752
2.438,0.33674
2.43886,0.33287
2.43972,0.33588
2.44058,0.3347
2.44144,0.33454
2.44229,0.3342
2.44315,0.33552
2.44401,0.33425
2.44487,0.33339
2.44573,0.33678
2.44659,0.33355
2.44745,0.32917
2.4483,0.33196
2.44916,0.33363
2.45002,0.33468
2.45088,0.33505
2.45174,0.33019
2.4526,0.33516
2.45346,0.33474
2.45431,0.33349
2.45517,0.33312
2.45603,0.33193
2.45689,0.33405
2.45775,0.33152
2.45861,0.33233
2.45947,0.33373
2.46032,0.33324
2.46118,0.33132
2.46204,0.33234
2.4629,0.33195
2.46376,0.3298
2.46462,0.331
2.46548,0.33327
2.46633,0.33346
2.46719,0.33149
2.46805,0.33302
2.46891,0.32928
2.46977,0.33022
2.47063,0.33173
2.47149,0.33066
2.47234,0.33013
2.4732,0.32996
2.47406,0.33125
2.47492,0.32864
2.47578,0.33167
2.47664,0.32833
2.4775,0.33164
2.47835,0.33058
2.47921,0.33259
2.48007,0.32924
2.48093,0.33223
2.48179,0.32692
2.48265,0.33077
2.48351,0.32912
2.48436,0.32904
2.48522,0.33208
2.48608,0.32943
2.48694,0.3284
2.4878,0.32705
2.48866,0.33209
2.48952,0.32944
2.49037,0.33025
2.49123,0.32696
2.49209,0.32915
2.49295,0.32628
2.49381,0.32907
2.49467,0.32797
2.49553,0.32934
2.49638,0.33048
2.49724,0.32686
2.4981,0.32561
2.49896,0.32986
2.49982,0.32897
2.50068,0.32556
2.50154,0.32639
2.50239,0.33005
2.50325,0.32738
2.50411,0.32825
2.50497,0.32779
2.50583,0.32599
2.50669,0.32624
2.50755,0.33
2.5084,0.33
2.50926,0.32934
2.51012,0.32722
2.51098,0.3268
2.51184,0.32393
2.5127,0.32765
2.51356,0.32523
2.51441,0.32954
2.51527,0.32322
2.51613,0.32679
2.51699,0.32796
2.51785,0.32541
2.51871,0.32539
2.51957,0.32899
2.52042,0.32374
2.52128,0.32381
2.52214,0.325
2.523,0.32509
2.52386,0.32769
2.52472,0.32664
2.52558,0.32389
2.52643,0.32496
2.52729,0.32824
2.52815,0.32647
2.52901,0.32919
2.52987,0.32756
2.53073,0.32716
2.53159,0.32493
2.53244,0.32428
2.5333,0.32595
2.53416,0.32403
2.53502,0.32378
2.53588,0.32395
2.53674,0.3245
2.5376,0.32478
2.53846,0.32411
2.53931,0.3235
2.54017,0.32209
2.54103,0.32671
2.54189,0.32234
2.54275,0.32265
2.54361,0.32452
2.54447,0.32215
2.54532,0.323
2.54618,0.32174
2.54704,0.32344
2.5479,0.32475
2.54876,0.32227
2.54962,0.32297
2.55048,0.32375
2.55133,0.32122
2.55219,0.32327
2.55305,0.32314
2.55391,0.32127
2.55477,0.32359
2.55563,0.32315
2.55649,0.32289
2.55734,0.32159
2.5582,0.32069
2.55906,0.31996
2.55992,0.32321
2.56078,0.32228
2.56164,0.32338
2.5625,0.3162
2.56335,0.32117
2.56421,0.32232
2.56507,0.32508
2.56593,0.32162
2.56679,0.32255
2.56765,0.31972
2.56851,0.32006
2.56936,0.3206
2.57022,0.32379
2.57108,0.32197
2.57194,0.32121
2.5728,0.32124
2.57366,0.32084
2.57452,0.31992
2.57537,0.31911
2.57623,0.3192
2.57709,0.32053
2.57795,0.32179
2.57881,0.31918
2.57967,0.32037
2.58053,0.31831
2.58138,0.31989
2.58224,0.31885
2.5831,0.31841
2.58396,0.31634
2.58482,0.31706
2.58568,0.31586
2.58654,0.32031
2.58739,0.31912
2.58825,0.32044
2.58911,0.31922
2.58997,0.31523
2.59083,0.32049
2.59169,0.3189
2.59255,0.31787
2.5934,0.31807
2.59426,0.31748
2.59512,0.31681
2.59598,0.31649
2.59684,0.31574
2.5977,0.31627
2.59856,0.31799
2.59941,0.31665
2.60027,0.31669
2.60113,0.32
2.60199,0.31486
2.60285,0.31977
2.60371,0.31644
2.60457,0.31876
2.60542,0.31672
2.60628,0.3189
2.60714,0.31765
2.608,0.31445
2.60886,0.31502
2.60972,0.31865
2.61058,0.31776
2.61143,0.31599
2.61229,0.31634
2.61315,0.31807
2.61401,0.31412
2.61487,0.31873
2.61573,0.31927
2.61659,0.31576
2.61744,0.31416
2.6183,0.31632
2.61916,0.31577
2.62002,0.31652
2.62088,0.31379
2.62174,0.31351
2.6226,0.31583
2.62345,0.31361
2.62431,0.31569
2.62517,0.31196
2.62603,0.3148
2.62689,0.3147
2.62775,0.31403
2.62861,0.31601
2.62946,0.31293
2.63032,0.31186
2.63118,0.31377
2.63204,0.31456
2.6329,0.31399
2.63376,0.3152
2.63462,0.31582
2.63547,0.31235
2.63633,0.31467
2.63719,0.31342
2.63805,0.31302
2.63891,0.31396
2.63977,0.31241
2.64063,0.31361
2.64148,0.313
2.64234,0.31538
2.6432,0.31357
2.64406,0.31186
2.64492,0.31334
2.64578,0.31191
2.64664,0.31197
2.64749,0.31463
2.64835,0.31061
2.64921,0.31183
2.65007,0.31288
2.65093,0.31468
2.65179,0.3132
2.65265,0.31074
2.6535,0.31089
2.65436,0.3119
2.65522,0.31171
2.65608,0.31307
2.65694,0.30909
2.6578,0.3113
2.65866,0.31121
2.65951,0.31156
2.66037,0.31186
2.66123,0.30992
2.66209,0.3091
2.66295,0.30986
2.66381,0.31424
2.66467,0.30968
2.66552,0.30941
2.66638,0.31104
2.66724,0.31104
2.6681,0.31078
2.66896,0.31099
2.66982,0.31
2.67068,0.30882
2.67153,0.30986
2.67239,0.30893
2.67325,0.30955
2.67411,0.31158
2.67497,0.30953
2.67583,0.3075
2.67669,0.30822
2.67754,0.31121
2.6784,0.30875
2.67926,0.3076
2.68012,0.30993
2.68098,0.31017
2.68184,0.30867
2.6827,0.31064
2.68355,0.30716
2.68441,0.31052
2.68527,0.30918
2.68613,0.3079
2.68699,0.30812
2.68785,0.30817
2.68871,0.30773
2.68956,0.31021
2.69042,0.30943
2.69128,0.30837
2.69214,0.30822
2.693,0.30784
2.69386,0.30926
2.69472,0.31062
2.69557,0.30707
2.69643,0.30917
2.69729,0.30647
2.69815,0.30722
2.69901,0.30857
2.69987,0.308
2.70073,0.30557
2.70158,0.30684
2.70244,0.30627
2.7033,0.3091
2.70416,0.30499
2.70502,0.30837
2.70588,0.30804
2.70674,0.30799
2.7076,0.30697
2.70845,0.30794
2.70931,0.30629
2.71017,0.30679
2.71103,0.30601
2.71189,0.305
2.71275,0.30504
2.71361,0.30565
2.71446,0.30804
2.71532,0.30476
2.71618,0.30775
2.71704,0.30478
2.7179,0.3067
2.71876,0.30391
2.71962,0.30578
2.72047,0.3052
2.72133,0.30523
2.72219,0.30456
2.72305,0.30407
2.72391,0.30635
2.72477,0.30554
2.72563,0.30712
2.72648,0.30594
2.72734,0.30406
2.7282,0.3042
2.72906,0.30456
2.72992,0.30494
2.73078,0.30593
2.73164,0.3005
2.73249,0.30296
2.73335,0.30423
2.73421,0.30497
2.73507,0.30383
2.73593,0.3049
2.73679,0.30439
2.73765,0.30451
2.7385,0.30303
2.73936,0.30311
2.74022,0.30371
2.74108,0.30376
2.74194,0.30432
2.7428,0.29909
2.74366,0.30265
2.74451,0.30131
2.74537,0.30182
2.74623,0.30303
2.74709,0.30269
2.74795,0.30054
2.74881,0.30391
2.74967,0.3011
2.75052,0.30311
2.75138,0.3024
2.75224,0.3035
2.7531,0.30234
2.75396,0.30396
2.75482,0.30249
2.75568,0.30429
2.75653,0.30087
2.75739,0.29957
2.75825,0.30028
2.75911,0.30163
2.75997,0.30035
2.76083,0.30156
2.76169,0.30243
2.76254,0.30037
2.7634,0.2993
2.76426,0.30144
2.76512,0.29758
2.76598,0.30081
2.76684,0.30124
2.7677,0.30379
2.76855,0.29584
2.76941,0.29998
2.77027,0.30109
2.77113,0.29945
2.77199,0.30309
2.77285,0.29958
2.77371,0.30134
2.77456,0.29885
2.77542,0.29895
2.77628,0.29725
2.77714,0.29754
2.778,0.30096
2.77886,0.29877
2.77972,0.29963
2.78057,0.30076
2.78143,0.29926
2.78229,0.2971
2.78315,0.29889
2.78401,0.29945
2.78487,0.29803
2.78573,0.29977
2.78658,0.29944
2.78744,0.29762
2.7883,0.29808
2.78916,0.29798
2.79002,0.29807
2.79088,0.29944
2.79174,0.29982
2.79259,0.29772
2.79345,0.29865
2.79431,0.29857
2.79517,0.29714
2.79603,0.29633
2.79689,0.29837
2.79775,0.29554
2.7986,0.29731
2.79946,0.29693
2.80032,0.29878
2.80118,0.29686
2.80204,0.29721
2.8029,0.29678
2.80376,0.29925
2.80461,0.29703
2.80547,0.29632
2.80633,0.29708
2.80719,0.29585
2.80805,0.29859
2.80891,0.29821
2.80977,0.29481
2.81062,0.29456
2.81148,0.29471
2.81234,0.29771
2.8132,0.29807
2.81406,0.29484
2.81492,0.29437
2.81578,0.29682
2.81663,0.29678
2.81749,0.2931
2.81835,0.29497
2.81921,0.29435
2.82007,0.29255
2.82093,0.2977
2.82179,0.29717
2.82264,0.29527
2.8235,0.29742
2.82436,0.29409
2.82522,0.29478
2.82608,0.29796
2.82694,0.29368
2.8278,0.29464
2.82865,0.29324
2.82951,0.29505
2.83037,0.2949
2.83123,0.29452
2.83209,0.29425
2.83295,0.29401
2.83381,0.29507
2.83466,0.29284
2.83552,0.29652
2.83638,0.29455
2.83724,0.29181
2.8381,0.29276
2.83896,0.294
2.83982,0.29386
2.84067,0.29343
2.84153,0.29315
2.84239,0.29596
2.84325,0.29612
2.84411,0.29555
2.84497,0.29472
2.84583,0.29216
2.84668,0.29564
2.84754,0.29272
2.8484,0.2928
2.84926,0.29149
2.85012,0.29299
2.85098,0.29205
2.85184,0.29171
2.85269,0.29365
2.85355,0.29267
2.85441,0.29216
2.85527,0.2945
2.85613,0.29493
2.85699,0.29282
2.85785,0.29252
2.8587,0.29241
2.85956,0.29294
2.86042,0.29177
2.86128,0.29339
2.86214,0.29107
2.863,0.28941
2.86386,0.29027
2.86471,0.29138
2.86557,0.2907
2.86643,0.28938
2.86729,0.29157
2.86815,0.28933
2.86901,0.29229
2.86987,0.29038
2.87072,0.28996
2.87158,0.29135
2.87244,0.29051
2.8733,0.28722
2.87416,0.28909
2.87502,0.29084
2.87588,0.29042
2.87674,0.2892
2.87759,0.29181
2.87845,0.29186
2.87931,0.29314
2.88017,0.29128
2.88103,0.29203
2.88189,0.29109
2.88275,0.29176
2.8836,0.28851
2.88446,0.2873
2.88532,0.28804
2.88618,0.29092
2.88704,0.28897
2.8879,0.28833
2.88876,0.2906
2.88961,0.29201
2.89047,0.28907
2.89133,0.29074
2.89219,0.28833
2.89305,0.28744
2.89391,0.29051
2.89477,0.29089
2.89562,0.28898
2.89648,0.28816
2.89734,0.28886
2.8982,0.28693
2.89906,0.28646
2.89992,0.28701
2.90078,0.28644
2.90163,0.29176
2.90249,0.28937
2.90335,0.28858
2.90421,0.28872
2.90507,0.28722
2.90593,0.28751
2.90679,0.29
2.90764,0.28494
2.9085,0.2874
2.90936,0.28664
2.91022,0.28674
2.91108,0.28604
2.91194,0.28923
2.9128,0.28686
2.91365,0.28701
2.91451,0.28519
2.91537,0.28851
2.91623,0.2871
2.91709,0.28677
2.91795,0.28457
2.91881,0.28591
2.91966,0.28499
2.92052,0.28748
2.92138,0.28681
2.92224,0.2842
2.9231,0.28799
2.92396,0.28692
2.92482,0.28682
2.92567,0.28823
2.92653,0.2868
2.92739,0.2849
2.92825,0.28786
2.92911,0.28686
2.92997,0.28615
2.93083,0.28547
2.93168,0.28436
2.93254,0.28281
2.9334,0.28526
2.93426,0.28477
2.93512,0.28335
2.93598,0.28542
2.93684,0.28415
2.93769,0.28572
2.93855,0.28485
2.93941,0.28483
2.94027,0.28298
2.94113,0.28596
2.94199,0.28382
2.94285,0.28486
2.9437,0.28337
2.94456,0.28426
2.94542,0.28641
2.94628,0.28223
2.94714,0.28574
2.948,0.28541
2.94886,0.28399
2.94971,0.28412
2.95057,0.28322
2.95143,0.28437
2.95229,0.28444
2.95315,0.28288
2.95401,0.28377
2.95487,0.28465
2.95572,0.28352
2.95658,0.28481
2.95744,0.28183
2.9583,0.2819
2.95916,0.28466
2.96002,0.28118
2.96088,0.28363
2.96173,0.28147
2.96259,0.28544
2.96345,0.28305
2.96431,0.2828
2.96517,0.28149
2.96603,0.28225
2.96689,0.28187
2.96774,0.28329
2.9686,0.28254
2.96946,0.28111
2.97032,0.28406
2.97118,0.28431
2.97204,0.28328
2.9729,0.2781
2.97375,0.28432
2.97461,0.28191
2.97547,0.28158
2.97633,0.28025
2.97719,0.28076
2.97805,0.28039
2.97891,0.27905
2.97976,0.28146
2.98062,0.28234
2.98148,0.27996
2.98234,0.28113
2.9832,0.28162
2.98406,0.28013
2.98492,0.28135
2.98577,0.28144
2.98663,0.28445
2.98749,0.27925
2.98835,0.28234
2.98921,0.2804
2.99007,0.27925
2.99093,0.28095
2.99178,0.28123
2.99264,0.28054
2.9935,0.27992
2.99436,0.28099
2.99522,0.28089
2.99608,0.28069
2.99694,0.27721
2.99779,0.28159
2.99865,0.27939
2.99951,0.28104
3.00037,0.27856
3.00123,0.27821
3.00209,0.27899
3.00295,0.27775
3.0038,0.27605
3.00466,0.27897
3.00552,0.28023
3.00638,0.28056
3.00724,0.27717
3.0081,0.27713
3.00896,0.27881
3.00981,0.27648
3.01067,0.28123
3.01153,0.28128
3.01239,0.27698
3.01325,0.27816
3.01411,0.27969
3.01497,0.27884
3.01582,0.28003
3.01668,0.27671
3.01754,0.27742
3.0184,0.27742
3.01926,0.27902
3.02012,0.27908
3.02098,0.27961
3.02183,0.27477
3.02269,0.27661
3.02355,0.27856
3.02441,0.27958
3.02527,0.27642
3.02613,0.27862
3.02699,0.27815
3.02784,0.27962
3.0287,0.27841
3.02956,0.27583
3.03042,0.27741
3.03128,0.27599
3.03214,0.27488
3.033,0.27754
3.03385,0.27936
3.03471,0.27898
3.03557,0.2752
3.03643,0.27723
3.03729,0.27823
3.03815,0.27894
3.03901,0.27478
3.03986,0.27672
3.04072,0.27729
3.04158,0.27559
3.04244,0.27651
3.0433,0.27854
3.04416,0.27565
3.04502,0.2757
3.04588,0.27575
3.04673,0.27823
3.04759,0.27534
3.04845,0.27761
3.04931,0.27689
3.05017,0.27567
3.05103,0.27431
3.05189,0.27707
3.05274,0.27454
3.0536,0.27341
3.05446,0.27465
3.05532,0.274
3.05618,0.27525
3.05704,0.27256
3.0579,0.27469
3.05875,0.2762
3.05961,0.27536
3.06047,0.27459
3.06133,0.27616
3.06219,0.27458
3.06305,0.2749
3.06391,0.27475
3.06476,0.27523
3.06562,0.27795
3.06648,0.27336
3.06734,0.27362
3.0682,0.27433
3.06906,0.2769
3.06992,0.2734
3.07077,0.27392
3.07163,0.2736
3.07249,0.27308
3.07335,0.27416
3.07421,0.2753
3.07507,0.27475
3.07593,0.27432
3.07678,0.27459
3.07764,0.27472
3.0785,0.27238
3.07936,0.27508
3.08022,0.27369
3.08108,0.27341
3.08194,0.27277
3.08279,0.27361
3.08365,0.27296
3.08451,0.27414
3.08537,0.27296
3.08623,0.2694
3.08709,0.27309
3.08795,0.27469
3.0888,0.27372
3.08966,0.2712
3.09052,0.27117
3.09138,0.27473
3.09224,0.27541
3.0931,0.27066
3.09396,0.2711
3.09481,0.27211
3.09567,0.27172
3.09653,0.27143
3.09739,0.272
3.09825,0.27097
3.09911,0.27117
3.09997,0.2714
3.10082,0.27384
3.10168,0.2742
3.10254,0.27154
3.1034,0.27141
3.10426,0.27214
3.10512,0.27234
3.10598,0.26983
3.10683,0.27397
3.10769,0.26901
3.10855,0.27071
3.10941,0.27291
3.11027,0.27017
3.11113,0.27054
3.11199,0.27072
3.11284,0.2702
3.1137,0.27204
3.11456,0.2693
3.11542,0.27078
3.11628,0.27109
3.11714,0.26883
3.118,0.27174
3.11885,0.27036
3.11971,0.27118
3.12057,0.26944
3.12143,0.27008
3.12229,0.27152
3.12315,0.2696
3.12401,0.26902
3.12486,0.26963
3.12572,0.27071
3.12658,0.27062
3.12744,0.26955
3.1283,0.27024
3.12916,0.26987
3.13002,0.26962
3.13087,0.26781
3.13173,0.26754
3.13259,0.2713
3.13345,0.26914
3.13431,0.27007
3.13517,0.26743
3.13603,0.27205
3.13688,0.27009
3.13774,0.26884
3.1386,0.26939
3.13946,0.26762
3.14032,0.26947
3.14118,0.26602
3.14204,0.26831
3.14289,0.26737
3.14375,0.27114
3.14461,0.27314
3.14547,0.26827
3.14633,0.2658
3.14719,0.27062
3.14805,0.26854
3.1489,0.27004
3.14976,0.26898
3.15062,0.2686
3.15148,0.26874
3.15234,0.26918
3.1532,0.26799
3.15406,0.26667
3.15491,0.26948
3.15577,0.26773
3.15663,0.266
3.15749,0.26915
3.15835,0.26744
3.15921,0.26642
3.16007,0.26821
3.16092,0.267
3.16178,0.26794
3.16264,0.26446
3.1635,0.26584
3.16436,0.26756
3.16522,0.26988
3.16608,0.26551
3.16693,0.26561
3.16779,0.266
3.16865,0.2647
3.16951,0.26614
3.17037,0.26487
3.17123,0.26589
3.17209,0.26692
3.17294,0.26437
3.1738,0.26468
3.17466,0.26697
3.17552,0.2663
3.17638,0.26488
3.17724,0.26632
3.1781,0.26551
3.17895,0.26376
3.17981,0.26442
3.18067,0.26488
3.18153,0.26414
3.18239,0.26736
3.18325,0.26632
3.18411,0.26418
3.18496,0.26631
3.18582,0.26491
3.18668,0.26707
3.18754,0.26502
3.1884,0.2642
3.18926,0.26618
3.19012,0.26659
3.19097,0.26592
3.19183,0.26377
3.19269,0.26522
3.19355,0.26426
3.19441,0.26509
3.19527,0.26516
3.19613,0.2624
3.19698,0.26371
3.19784,0.26682
3.1987,0.26477
3.19956,0.26007
3.20042,0.2629
3.20128,0.26533
3.20214,0.2629
3.20299,0.26317
3.20385,0.26343
3.20471,0.26489
3.20557,0.26255
3.20643,0.26473
3.20729,0.26184
3.20815,0.26223
3.209,0.26345
3.20986,0.26518
3.21072,0.26326
3.21158,0.26476
3.21244,0.26247
3.2133,0.263
3.21416,0.26009
3.21501,0.26337
3.21587,0.26296
3.21673,0.26177
3.21759,0.26522
3.21845,0.26384
3.21931,0.26233
3.22017,0.2619
3.22103,0.26491
3.22188,0.26086
3.22274,0.26306
3.2236,0.26206
3.22446,0.26017
3.22532,0.26317
3.22618,0.26341
3.22704,0.26137
3.22789,0.2605
3.22875,0.25899
3.22961,0.26156
3.23047,0.26341
3.23133,0.26025
3.23219,0.26097
3.23305,0.26496
3.2339,0.26364
3.23476,0.26163
3.23562,0.2607
3.23648,0.26051
3.23734,0.2587
3.2382,0.26422
3.23906,0.26002
3.23991,0.26021
3.24077,0.26097
3.24163,0.2597
3.24249,0.25925
3.24335,0.26504
3.24421,0.25876
3.24507,0.26169
3.24592,0.26027
3.24678,0.26138
3.24764,0.26143
3.2485,0.26139
3.24936,0.25962
3.25022,0.25682
3.25108,0.2613
3.25193,0.26056
3.25279,0.25988
3.25365,0.25991
3.25451,0.2609
3.25537,0.26075
3.25623,0.25984
3.25709,0.259
3.25794,0.26053
3.2588,0.25843
3.25966,0.25948
3.26052,0.25983
3.26138,0.25867
3.26224,0.25992
3.2631,0.26353
3.26395,0.25931
3.26481,0.25838
3.26567,0.25936
3.26653,0.25767
3.26739,0.2613
3.26825,0.25878
3.26911,0.25709
3.26996,0.26081
3.27082,0.25565
3.27168,0.25636
3.27254,0.26009
3.2734,0.25771
3.27426,0.25849
3.27512,0.25654
3.27597,0.25871
3.27683,0.2579
3.27769,0.25816
3.27855,0.25749
3.27941,0.25909
3.28027,0.25937
3.28113,0.26106
3.28198,0.25862
3.28284,0.25813
3.2837,0.25627
3.28456,0.25911
3.28542,0.25662
3.28628,0.255
3.28714,0.25896
3.28799,0.25949
3.28885,0.25629
3.28971,0.25641
3.29057,0.25447
3.29143,0.2597
3.29229,0.25855
3.29315,0.25764
3.294,0.25773
3.29486,0.25852
3.29572,0.25622
3.29658,0.25957
3.29744,0.25854
3.2983,0.25934
3.29916,0.25806
3.30001,0.25624
3.30087,0.25743
3.30173,0.2603
3.30259,0.2551
3.30345,0.25836
3.30431,0.25543
3.30517,0.2543
3.30602,0.25519
3.30688,0.2565
3.30774,0.25738
3.3086,0.25407
3.30946,0.25388
3.31032,0.25595
3.31118,0.25511
3.31203,0.25371
3.31289,0.25639
3.31375,0.25456
3.31461,0.25582
3.31547,0.25396
3.31633,0.25579
3.31719,0.25512
3.31804,0.25654
3.3189,0.25804
3.31976,0.25486
3.32062,0.25464
3.32148,0.25533
3.32234,0.25444
3.3232,0.25566
3.32405,0.25355
3.32491,0.2535
3.32577,0.25295
3.32663,0.25387
3.32749,0.25636
3.32835,0.25578
3.32921,0.2531
3.33006,0.25392
3.33092,0.25551
3.33178,0.25436
3.33264,0.25304
3.3335,0.25195
3.33436,0.25453
3.33522,0.25588
3.33607,0.25304
3.33693,0.25368
3.33779,0.2534
3.33865,0.25294
3.33951,0.2541
3.34037,0.25235
3.34123,0.25349
3.34208,0.24862
3.34294,0.25357
3.3438,0.2543
3.34466,0.25496
3.34552,0.25352
3.34638,0.25254
3.34724,0.25259
3.34809,0.25407
3.34895,0.24993
3.34981,0.25135
3.35067,0.25357
3.35153,0.24987
3.35239,0.25445
3.35325,0.25301
3.3541,0.25042
3.35496,0.25426
3.35582,0.25481
3.35668,0.25102
3.35754,0.25399
3.3584,0.25338
3.35926,0.25482
3.36011,0.25037
3.36097,0.25155
3.36183,0.25208
3.36269,0.25194
3.36355,0.25242
3.36441,0.25574
3.36527,0.25079
3.36612,0.25152
3.36698,0.25192
3.36784,0.2511
3.3687,0.25019
3.36956,0.25432
3.37042,0.2513
3.37128,0.25044
3.37213,0.25232
3.37299,0.25194
3.37385,0.25109
3.37471,0.24911
3.37557,0.2537
3.37643,0.25083
3.37729,0.25139
3.37814,0.24974
3.379,0.25212
3.37986,0.25139
3.38072,0.25484
3.38158,0.25022
3.38244,0.25164
3.3833,0.25103
3.38415,0.25203
3.38501,0.2524
3.38587,0.2515
3.38673,0.25045
3.38759,0.25094
3.38845,0.25037
3.38931,0.25089
3.39017,0.25079
3.39102,0.24887
3.39188,0.25064
3.39274,0.2484
3.3936,0.24982
3.39446,0.25006
3.39532,0.24974
3.39618,0.24899
3.39703,0.24894
3.39789,0.25079
3.39875,0.24865
3.39961,0.24931
3.40047,0.25007
3.40133,0.25036
3.40219,0.24887
3.40304,0.25019
3.4039,0.25146
3.40476,0.24889
3.40562,0.24968
3.40648,0.24768
3.40734,0.25011
3.4082,0.24719
3.40905,0.25046
3.40991,0.25132
3.41077,0.2507
3.41163,0.25031
3.41249,0.24781
3.41335,0.24591
3.41421,0.24789
3.41506,0.24895
3.41592,0.24917
3.41678,0.24851
3.41764,0.24789
3.4185,0.25047
3.41936,0.25043
3.42022,0.24726
3.42107,0.24993
3.42193,0.24812
3.42279,0.24998
3.42365,0.24785
3.42451,0.24735
3.42537,0.24809
3.42623,0.24753
3.42708,0.24996
3.42794,0.24574
3.4288,0.24763
3.42966,0.24658
3.43052,0.24841
3.43138,0.24615
3.43224,0.24801
3.43309,0.24792
3.43395,0.24611
3.43481,0.24612
3.43567,0.24577
3.43653,0.24505
3.43739,0.24965
3.43825,0.24864
3.4391,0.25045
3.43996,0.24633
3.44082,0.24846
3.44168,0.24738
3.44254,0.24601
3.4434,0.24914
3.44426,0.24679
3.44511,0.24798
3.44597,0.24864
3.44683,0.24607
3.44769,0.24704
3.44855,0.24829
3.44941,0.24769
3.45027,0.24695
3.45112,0.24608
3.45198,0.24863
3.45284,0.24444
3.4537,0.24745
3.45456,0.24423
3.45542,0.24791
3.45628,0.24386
3.45713,0.24336
3.45799,0.2457
3.45885,0.2445
3.45971,0.24769
3.46057,0.24636
3.46143,0.24478
3.46229,0.24481
3.46314,0.24447
3.464,0.2467
3.46486,0.24681
3.46572,0.24471
3.46658,0.2448
3.46744,0.24652
3.4683,0.24473
3.46915,0.24709
3.47001,0.24545
3.47087,0.2459
3.47173,0.24675
3.47259,0.24394
3.47345,0.24422
3.47431,0.244
3.47516,0.24531
3.47602,0.24604
3.47688,0.24427
3.47774,0.24519
3.4786,0.24364
3.47946,0.24285
3.48032,0.24187
3.48117,0.24339
3.48203,0.2442
3.48289,0.24328
3.48375,0.24305
3.48461,0.24075
3.48547,0.24237
3.48633,0.24595
3.48718,0.24596
3.48804,0.24585
3.4889,0.24469
3.48976,0.24391
3.49062,0.24649
3.49148,0.24613
3.49234,0.24088
3.49319,0.24419
3.49405,0.24396
3.49491,0.2449
3.49577,0.24392
3.49663,0.24249
3.49749,0.2456
3.49835,0.24589
3.4992,0.24416
3.50006,0.24485
3.50092,0.24379
3.50178,0.24305
3.50264,0.24175
3.5035,0.24512
3.50436,0.24349
3.50521,0.24209
3.50607,0.24119
3.50693,0.24154
3.50779,0.24488
3.50865,0.24198
3.50951,0.24281
3.51037,0.2443
3.51122,0.242
3.51208,0.24527
3.51294,0.24433
3.5138,0.24072
3.51466,0.24437
3.51552,0.24237
3.51638,0.24343
3.51723,0.24089
3.51809,0.24122
3.51895,0.24216
3.51981,0.24036
3.52067,0.24419
3.52153,0.2405
3.52239,0.24231
3.52324,0.24325
3.5241,0.23884
3.52496,0.24122
3.52582,0.24215
3.52668,0.24142
3.52754,0.24318
3.5284,0.24167
3.52925,0.24116
3.53011,0.24153
3.53097,0.24001
3.53183,0.23987
3.53269,0.23919
3.53355,0.24146
3.53441,0.2425
3.53526,0.24127
3.53612,0.23875
3.53698,0.23942
3.53784,0.24099
3.5387,0.24242
3.53956,0.24256
3.54042,0.24098
3.54127,0.24155
3.54213,0.24006
3.54299,0.24439
3.54385,0.24065
3.54471,0.24048
3.54557,0.24024
3.54643,0.24031
3.54728,0.2388
3.54814,0.23912
3.549,0.24004
3.54986,0.23835
3.55072,0.23935
3.55158,0.24136
3.55244,0.23717
3.55329,0.24104
3.55415,0.24164
3.55501,0.23967
3.55587,0.23822
3.55673,0.23992
3.55759,0.24001
3.55845,0.24236
3.55931,0.23853
3.56016,0.24061
3.56102,0.23985
3.56188,0.24029
3.56274,0.24148
3.5636,0.23854
3.56446,0.2385
3.56532,0.2378
3.56617,0.23792
3.56703,0.23898
3.56789,0.23846
3.56875,0.24099
3.56961,0.23928
3.57047,0.24061
3.57133,0.23892
3.57218,0.23931
3.57304,0.23788
3.5739,0.23995
3.57476,0.23908
3.57562,0.23734
3.57648,0.23805
3.57734,0.24001
3.57819,0.2386
3.57905,0.23822
3.57991,0.24074
3.58077,0.23745
3.58163,0.23876
3.58249,0.23575
3.58335,0.23811
3.5842,0.23879
3.58506,0.23737
3.58592,0.23659
3.58678,0.23871
3.58764,0.23806
3.5885,0.23492
3.58936,0.23891
3.59021,0.23732
3.59107,0.23614
3.59193,0.23569
3.59279,0.23821
3.59365,0.23539
3.59451,0.23646
3.59537,0.23639
3.59622,0.2365
3.59708,0.23696
3.59794,0.23759
3.5988,0.23377
3.59966,0.23707
3.60052,0.23671
3.60138,0.23663
3.60223,0.23653
3.60309,0.23728
3.60395,0.23816
3.60481,0.23537
3.60567,0.23739
3.60653,0.23602
3.60739,0.23596
3.60824,0.23682
3.6091,0.23755
3.60996,0.23675
3.61082,0.23631
3.61168,0.23777
3.61254,0.23431
3.6134,0.2359
3.61425,0.23428
3.61511,0.23306
3.61597,0.2368
3.61683,0.2345
3.61769,0.23484
3.61855,0.23461
3.61941,0.23842
3.62026,0.23563
3.62112,0.23709
3.62198,0.23781
3.62284,0.23552
3.6237,0.23663
3.62456,0.23381
3.62542,0.23458
3.62627,0.23382
3.62713,0.23657
3.62799,0.23657
3.62885,0.23432
3.62971,0.23431
3.63057,0.23769
3.63143,0.23548
3.63228,0.23459
3.63314,0.23219
3.634,0.23613
3.63486,0.23601
3.63572,0.2363
3.63658,0.23345
3.63744,0.23541
3.63829,0.23536
3.63915,0.23708
3.64001,0.23388
3.64087,0.23384
3.64173,0.23461
3.64259,0.23529
3.64345,0.23522
3.6443,0.23454
3.64516,0.23683
3.64602,0.23409
3.64688,0.23395
3.64774,0.23223
3.6486,0.23383
3.64946,0.23425
3.65031,0.23346
3.65117,0.23201
3.65203,0.23388
3.65289,0.23301
3.65375,0.23324
3.65461,0.23402
3.65547,0.2318
3.65632,0.23357
3.65718,0.23402
3.65804,0.23396
3.6589,0.23246
3.65976,0.23264
3.66062,0.2332
3.66148,0.2326
3.66233,0.23234
3.66319,0.23526
3.66405,0.23433
3.66491,0.23292
3.66577,0.23296
3.66663,0.23177
3.66749,0.23332
3.66834,0.23277
3.6692,0.23292
3.67006,0.2335
3.67092,0.23224
3.67178,0.23286
3.67264,0.23346
3.6735,0.2311
3.67435,0.23278
3.67521,0.23338
3.67607,0.23399
3.67693,0.23266
3.67779,0.23332
3.67865,0.23411
3.67951,0.2309
3.68036,0.23117
3.68122,0.23289
3.68208,0.23054
3.68294,0.23285
3.6838,0.23085
3.68466,0.23203
3.68552,0.22888
3.68637,0.2295
3.68723,0.22932
3.68809,0.23097
3.68895,0.23163
3.68981,0.23209
3.69067,0.23336
3.69153,0.2309
3.69238,0.23109
3.69324,0.23239
3.6941,0.22942
3.69496,0.2323
3.69582,0.23435
3.69668,0.2315
3.69754,0.23001
3.69839,0.2291
3.69925,0.23192
3.70011,0.22926
3.70097,0.22987
3.70183,0.2295
3.70269,0.22921
3.70355,0.23107
3.7044,0.23065
3.70526,0.23064
3.70612,0.23179
3.70698,0.22908
3.70784,0.2302
3.7087,0.23202
3.70956,0.23128
3.71041,0.22897
3.71127,0.23209
3.71213,0.22979
3.71299,0.22958
3.71385,0.2297
3.71471,0.2309
3.71557,0.23003
3.71642,0.22836
3.71728,0.23182
3.71814,0.23081
3.719,0.22994
3.71986,0.22966
3.72072,0.22943
3.72158,0.23079
3.72243,0.23002
3.72329,0.23033
3.72415,0.2279
3.72501,0.23139
3.72587,0.23024
3.72673,0.22912
3.72759,0.2302
3.72845,0.22846
3.7293,0.22815
3.73016,0.22993
3.73102,0.22963
3.73188,0.22756
3.73274,0.22895
3.7336,0.23112
3.73446,0.23133
3.73531,0.22977
3.73617,0.22823
3.73703,0.22708
3.73789,0.22809
3.73875,0.22808
3.73961,0.23054
3.74047,0.22657
3.74132,0.22974
3.74218,0.23076
3.74304,0.22886
3.7439,0.22909
3.74476,0.22802
3.74562,0.22901
3.74648,0.23118
3.74733,0.22622
3.74819,0.22943
3.74905,0.22851
3.74991,0.22975
3.75077,0.2282
3.75163,0.22817
3.75249,0.22819
3.75334,0.22832
3.7542,0.22891
3.75506,0.22943
3.75592,0.22948
3.75678,0.2284
3.75764,0.22666
3.7585,0.22906
3.75935,0.22706
3.76021,0.22591
3.76107,0.22906
3.76193,0.22682
3.76279,0.2269
3.76365,0.22705
3.76451,0.22612
3.76536,0.22887
3.76622,0.22857
3.76708,0.22545
3.76794,0.22657
3.7688,0.22869
3.76966,0.22659
3.77052,0.22751
3.77137,0.22554
3.77223,0.22786
3.77309,0.22715
3.77395,0.22802
3.77481,0.22554
3.77567,0.22539
3.77653,0.22673
3.77738,0.22513
3.77824,0.22728
3.7791,0.22937
3.77996,0.22825
3.78082,0.22534
3.78168,0.2265
3.78254,0.2278
3.78339,0.22712
3.78425,0.22544
3.78511,0.22509
3.78597,0.2248
3.78683,0.22719
3.78769,0.22655
3.78855,0.2269
3.7894,0.22387
3.79026,0.22616
3.79112,0.22408
3.79198,0.22551
3.79284,0.22463
3.7937,0.22431
3.79456,0.22503
3.79541,0.2273
3.79627,0.22505
3.79713,0.2259
3.79799,0.22527
3.79885,0.22462
3.79971,0.22562
3.80057,0.22305
3.80142,0.22497
3.80228,0.22533
3.80314,0.22745
3.804,0.2244
3.80486,0.22677
3.80572,0.2234
3.80658,0.22646
3.80743,0.22457
3.80829,0.22634
3.80915,0.2242
3.81001,0.22178
3.81087,0.22302
3.81173,0.22522
3.81259,0.22377
3.81344,0.22497
3.8143,0.22169
3.81516,0.22613
3.81602,0.22494
3.81688,0.22559
3.81774,0.22358
3.8186,0.22293
3.81945,0.22488
3.82031,0.2239
3.82117,0.22378
3.82203,0.22407
3.82289,0.22515
3.82375,0.22289
3.82461,0.22524
3.82546,0.22322
3.82632,0.2224
3.82718,0.22673
3.82804,0.22493
3.8289,0.22556
3.82976,0.22235
3.83062,0.22316
3.83147,0.22341
3.83233,0.22508
3.83319,0.2247
3.83405,0.22284
3.83491,0.22466
3.83577,0.22346
3.83663,0.22347
3.83748,0.22373
3.83834,0.22505
3.8392,0.22346
3.84006,0.22412
3.84092,0.22273
3.84178,0.22148
3.84264,0.22327
3.84349,0.22109
3.84435,0.22108
3.84521,0.22658
3.84607,0.22115
3.84693,0.21937
3.84779,0.22187
3.84865,0.22057
3.8495,0.2234
3.85036,0.22179
3.85122,0.2207
3.85208,0.22312
3.85294,0.22251
3.8538,0.22351
3.85466,0.22417
3.85551,0.22086
3.85637,0.22367
3.85723,0.22143
3.85809,0.22159
3.85895,0.22159
3.85981,0.22391
3.86067,0.22359
3.86152,0.22305
3.86238,0.22144
3.86324,0.22109
3.8641,0.22288
3.86496,0.22116
3.86582,0.22351
3.86668,0.22152
3.86753,0.22244
3.86839,0.22187
3.86925,0.22349
3.87011,0.22102
3.87097,0.22019
3.87183,0.22021
3.87269,0.22054
3.87354,0.22243
3.8744,0.22053
3.87526,0.22024
3.87612,0.22262
3.87698,0.22268
3.87784,0.22028
3.8787,0.22059
3.87955,0.22166
3.88041,0.22364
3.88127,0.21911
3.88213,0.22138
3.88299,0.22301
3.88385,0.21975
3.88471,0.21916
3.88556,0.22112
3.88642,0.21826
3.88728,0.22143
3.88814,0.22189
3.889,0.21958
3.88986,0.22088
3.89072,0.22004
3.89157,0.22197
3.89243,0.22051
3.89329,0.22226
3.89415,0.22028
3.89501,0.21873
3.89587,0.22022
3.89673,0.22139
3.89759,0.21715
3.89844,0.22029
3.8993,0.21831
3.90016,0.21984
3.90102,0.21922
3.90188,0.21862
3.90274,0.21819
3.9036,0.21979
3.90445,0.21796
3.90531,0.21951
3.90617,0.22102
3.90703,0.22273
3.90789,0.22142
3.90875,0.21942
3.90961,0.21945
3.91046,0.21636
3.91132,0.222
3.91218,0.21889
3.91304,0.218
3.9139,0.22143
3.91476,0.2185
3.91562,0.21835
3.91647,0.22034
3.91733,0.21899
3.91819,0.21877
3.91905,0.21923
3.91991,0.21846
3.92077,0.21787
3.92163,0.22039
3.92248,0.21906
3.92334,0.21714
3.9242,0.21689
3.92506,0.21728
3.92592,0.21961
3.92678,0.21816
3.92764,0.22142
3.92849,0.21931
3.92935,0.21887
3.93021,0.21946
3.93107,0.21788
3.93193,0.21828
3.93279,0.21778
3.93365,0.21912
3.9345,0.21745
3.93536,0.21896
3.93622,0.21707
3.93708,0.2167
3.93794,0.21821
3.9388,0.21865
3.93966,0.21808
3.94051,0.21864
3.94137,0.21879
3.94223,0.21675
3.94309,0.22093
3.94395,0.21588
3.94481,0.21794
3.94567,0.21568
3.94652,0.21814
3.94738,0.21692
3.94824,0.21565
3.9491,0.21647
3.94996,0.21733
3.95082,0.21621
3.95168,0.21704
3.95253,0.217
3.95339,0.21651
3.95425,0.21849
3.95511,0.21561
3.95597,0.21689
3.95683,0.21483
3.95769,0.21526
3.95854,0.21837
3.9594,0.21661
3.96026,0.21826
3.96112,0.21611
3.96198,0.21866
3.96284,0.21862
3.9637,0.21764
3.96455,0.21481
3.96541,0.21701
3.96627,0.21402
3.96713,0.21891
3.96799,0.21545
3.96885,0.21612
3.96971,0.21745
3.97056,0.21881
3.97142,0.21514
3.97228,0.21804
3.97314,0.21559
3.974,0.21609
3.97486,0.21523
3.97572,0.21617
3.97657,0.21787
3.97743,0.21679
3.97829,0.2176
3.97915,0.2156
3.98001,0.21676
3.98087,0.21667
3.98173,0.21385
3.98258,0.21555
3.98344,0.21692
3.9843,0.21426
3.98516,0.21438
3.98602,0.21422
3.98688,0.21644
3.98774,0.21357
3.98859,0.21476
3.98945,0.21569
3.99031,0.21627
3.99117,0.21282
3.99203,0.21571
3.99289,0.21527
3.99375,0.21573
3.9946,0.21434
3.99546,0.21276
3.99632,0.21552
3.99718,0.21456
3.99804,0.21453
3.9989,0.21378
3.99976,0.21359
4.00061,0.21381
4.00147,0.21513
4.00233,0.21655
4.00319,0.21624
4.00405,0.21331
4.00491,0.21253
4.00577,0.21479
4.00662,0.21435
4.00748,0.21506
4.00834,0.21363
4.0092,0.21702
4.01006,0.21382
4.01092,0.21417
4.01178,0.21347
4.01263,0.21294
4.01349,0.21259
4.01435,0.21338
4.01521,0.21265
4.01607,0.21608
4.01693,0.21486
4.01779,0.21408
4.01864,0.21276
4.0195,0.2139
4.02036,0.21467
4.02122,0.21303
4.02208,0.21531
4.02294,0.21553
4.0238,0.21314
4.02465,0.21404
4.02551,0.2143
4.02637,0.21187
4.02723,0.21474
4.02809,0.213
4.02895,0.21469
4.02981,0.21093
4.03066,0.21307
4.03152,0.21317
4.03238,0.21521
4.03324,0.21373
4.0341,0.21326
4.03496,0.21302
4.03582,0.2138
4.03667,0.21175
4.03753,0.21304
4.03839,0.21036
4.03925,0.21225
4.04011,0.21355
4.04097,0.21427
4.04183,0.21242
4.04268,0.21176
4.04354,0.21329
4.0444,0.21708
4.04526,0.20952
4.04612,0.21551
4.04698,0.21368
4.04784,0.21103
4.04869,0.21398
4.04955,0.21159
4.05041,0.21093
4.05127,0.21292
4.05213,0.2129
4.05299,0.20937
4.05385,0.20854
4.0547,0.21273
4.05556,0.2119
4.05642,0.21054
4.05728,0.21187
4.05814,0.20985
4.059,0.21177
4.05986,0.21243
4.06071,0.21222
4.06157,0.21111
4.06243,0.21028
4.06329,0.2122
4.06415,0.21159
4.06501,0.2111
4.06587,0.21257
4.06673,0.21148
4.06758,0.21148
4.06844,0.21406
4.0693,0.21124
4.07016,0.20976
4.07102,0.21187
4.07188,0.21249
4.07274,0.21356
4.07359,0.21096
4.07445,0.21033
4.07531,0.21126
4.07617,0.20921
4.07703,0.21155
4.07789,0.20931
4.07875,0.21055
4.0796,0.21012
4.08046,0.21076
4.08132,0.21369
4.08218,0.2122
4.08304,0.21141
4.0839,0.20789
4.08476,0.21086
4.08561,0.20743
4.08647,0.20878
4.08733,0.20965
4.08819,0.21082
4.08905,0.21228
4.08991,0.20907
4.09077,0.2101
4.09162,0.20929
4.09248,0.21128
4.09334,0.20811
4.0942,0.20957
4.09506,0.2117
4.09592,0.2113
4.09678,0.20966
4.09763,0.20957
4.09849,0.20984
4.09935,0.21174
4.10021,0.20909
4.10107,0.21119
4.10193,0.20764
4.10279,0.20987
4.10364,0.20786
4.1045,0.20895
4.10536,0.20964
4.10622,0.21001
4.10708,0.20906
4.10794,0.21018
4.1088,0.20464
4.10965,0.21057
4.11051,0.20927
4.11137,0.2092
4.11223,0.20896
4.11309,0.20755
4.11395,0.20821
4.11481,0.20713
4.11566,0.20917
4.11652,0.21031
4.11738,0.2087
4.11824,0.20869
4.1191,0.21093
4.11996,0.20863
4.12082,0.20848
4.12167,0.20766
4.12253,0.20953
4.12339,0.20817
4.12425,0.20964
4.12511,0.21049
4.12597,0.20844
4.12683,0.20858
4.12768,0.21008
4.12854,0.21024
4.1294,0.20906
4.13026,0.20923
4.13112,0.20819
4.13198,0.20591
4.13284,0.21079
4.13369,0.2079
4.13455,0.20753
4.13541,0.20738
4.13627,0.20828
4.13713,0.2107
4.13799,0.20935
4.13885,0.20509
4.1397,0.20814
4.14056,0.2076
4.14142,0.20843
4.14228,0.20907
4.14314,0.20654
4.144,0.20783
4.14486,0.20681
4.14571,0.20709
4.14657,0.20665
4.14743,0.20702
4.14829,0.20711
4.14915,0.20651
4.15001,0.21014
4.15087,0.20606
4.15172,0.20763
4.15258,0.20703
4.15344,0.20922
4.1543,0.20646
4.15516,0.20793
4.15602,0.20717
4.15688,0.20755
4.15773,0.20748
4.15859,0.2071
4.15945,0.2062
4.16031,0.20907
4.16117,0.20648
4.16203,0.20715
4.16289,0.20752
4.16374,0.20729
4.1646,0.20669
4.16546,0.20639
4.16632,0.20726
4.16718,0.20301
4.16804,0.20816
4.1689,0.20756
4.16975,0.20714
4.17061,0.206
4.17147,0.20797
4.17233,0.20709
4.17319,0.20699
4.17405,0.2081
4.17491,0.20612
4.17576,0.20503
4.17662,0.20591
4.17748,0.20496
4.17834,0.20629
4.1792,0.20798
4.18006,0.20674
4.18092,0.20538
4.18177,0.20469
4.18263,0.20411
4.18349,0.20614
4.18435,0.20269
4.18521,0.20678
4.18607,0.20767
4.18693,0.20646
4.18778,0.20617
4.18864,0.20713
4.1895,0.20485
4.19036,0.20308
4.19122,0.20673
4.19208,0.20677
4.19294,0.20519
4.19379,0.20589
4.19465,0.20709
4.19551,0.20648
4.19637,0.20448
4.19723,0.20401
4.19809,0.20532
4.19895,0.20481
4.1998,0.20436
4.20066,0.20172
4.20152,0.20481
4.20238,0.20485
4.20324,0.20239
4.2041,0.20469
4.20496,0.20539
4.20581,0.20645
4.20667,0.20553
4.20753,0.20575
4.20839,0.20518
4.20925,0.20407
4.21011,0.2064
4.21097,0.20307
4.21182,0.20364
4.21268,0.20563
4.21354,0.2047
4.2144,0.20253
4.21526,0.20292
4.21612,0.2054
4.21698,0.20393
4.21783,0.20419
4.21869,0.20337
4.21955,0.2037
4.22041,0.20282
4.22127,0.20392
4.22213,0.20511
4.22299,0.20627
4.22384,0.20512
4.2247,0.20339
4.22556,0.20516
4.22642,0.2056
4.22728,0.20319
4.22814,0.20587
4.229,0.20335
4.22985,0.20308
4.23071,0.20322
4.23157,0.20287
4.23243,0.20386
4.23329,0.20084
4.23415,0.20421
4.23501,0.2039
4.23587,0.20422
4.23672,0.20437
4.23758,0.20266
4.23844,0.20053
4.2393,0.20489
4.24016,0.203
4.24102,0.20471
4.24188,0.20415
4.24273,0.2035
4.24359,0.20202
4.24445,0.20477
4.24531,0.20279
4.24617,0.20191
4.24703,0.20299
4.24789,0.20271
4.24874,0.2002
4.2496,0.20289
4.25046,0.20284
4.25132,0.20533
4.25218,0.20423
4.25304,0.20143
4.2539,0.202
4.25475,0.20319
4.25561,0.20165
4.25647,0.20386
4.25733,0.20376
4.25819,0.2054
4.25905,0.20252
4.25991,0.20306
4.26076,0.2012
4.26162,0.20249
4.26248,0.20339
4.26334,0.20323
4.2642,0.20223
4.26506,0.20156
4.26592,0.20084
4.26677,0.20039
4.26763,0.20221
4.26849,0.20042
4.26935,0.20064
4.27021,0.20386
4.27107,0.20174
4.27193,0.2029
4.27278,0.20254
4.27364,0.20107
4.2745,0.20135
4.27536,0.20483
4.27622,0.20345
4.27708,0.20171
4.27794,0.20021
4.27879,0.20112
4.27965,0.20371
4.28051,0.20316
4.28137,0.19887
4.28223,0.20006
4.28309,0.20081
4.28395,0.20353
4.2848,0.20168
4.28566,0.20206
4.28652,0.20369
4.28738,0.19996
4.28824,0.20311
4.2891,0.20075
4.28996,0.20148
4.29081,0.20062
4.29167,0.20099
4.29253,0.20203
4.29339,0.20169
4.29425,0.20106
4.29511,0.20056
4.29597,0.20097
4.29682,0.20311
4.29768,0.20274
4.29854,0.20302
4.2994,0.2027
4.30026,0.20099
4.30112,0.20293
4.30198,0.19943
4.30283,0.20009
4.30369,0.19893
4.30455,0.20012
4.30541,0.20111
4.30627,0.20044
4.30713,0.20107
4.30799,0.2006
4.30884,0.20016
4.3097,0.20013
4.31056,0.20062
4.31142,0.19902
4.31228,0.20121
4.31314,0.20058
4.314,0.202
4.31485,0.19877
4.31571,0.20064
4.31657,0.20041
4.31743,0.19884
4.31829,0.19992
4.31915,0.19936
4.32001,0.19935
4.32086,0.20095
4.32172,0.19913
4.32258,0.20022
4.32344,0.2023
4.3243,0.19752
4.32516,0.19897
4.32602,0.19959
4.32687,0.2015
4.32773,0.19989
4.32859,0.19917
4.32945,0.19984
4.33031,0.19968
4.33117,0.19951
4.33203,0.19939
4.33288,0.19885
4.33374,0.19737
4.3346,0.1995
4.33546,0.20105
4.33632,0.1987
4.33718,0.19972
4.33804,0.19878
4.33889,0.19783
4.33975,0.19738
4.34061,0.19706
4.34147,0.19931
4.34233,0.1981
4.34319,0.19734
4.34405,0.19906
4.3449,0.19944
4.34576,0.1992
4.34662,0.19992
4.34748,0.19845
4.34834,0.19804
4.3492,0.19763
4.35006,0.19848
4.35091,0.19728
4.35177,0.19522
4.35263,0.19851
4.35349,0.19901
4.35435,0.19682
4.35521,0.19873
4.35607,0.19798
4.35692,0.19791
4.35778,0.19593
4.35864,0.1994
4.3595,0.19755
4.36036,0.19834
4.36122,0.19713
4.36208,0.19751
4.36293,0.19731
4.36379,0.19722
4.36465,0.19914
4.36551,0.19989
4.36637,0.19604
4.36723,0.19849
4.36809,0.19778
4.36894,0.19696
4.3698,0.19665
4.37066,0.19605
4.37152,0.19984
4.37238,0.19789
4.37324,0.19834
4.3741,0.19854
4.37495,0.19906
4.37581,0.19723
4.37667,0.19873
4.37753,0.19846
4.37839,0.19697
4.37925,0.19896
4.38011,0.19718
4.38096,0.1958
4.38182,0.19568
4.38268,0.1983
4.38354,0.19699
4.3844,0.19608
4.38526,0.19811
4.38612,0.19729
4.38697,0.19541
4.38783,0.19842
4.38869,0.19606
4.38955,0.19744
4.39041,0.1956
4.39127,0.19821
4.39213,0.19572
4.39298,0.19414
4.39384,0.19853
4.3947,0.19491
4.39556,0.19528
4.39642,0.19537
4.39728,0.19533
4.39814,0.19847
4.39899,0.19617
4.39985,0.19676
4.40071,0.19689
4.40157,0.1971
4.40243,0.19441
4.40329,0.19608
4.40415,0.19648
4.405,0.19426
4.40586,0.19727
4.40672,0.19628
4.40758,0.19477
4.40844,0.19453
4.4093,0.19315
4.41016,0.19619
4.41102,0.19616
4.41187,0.19767
4.41273,0.1962
4.41359,0.19503
4.41445,0.1965
4.41531,0.19579
4.41617,0.19681
4.41703,0.19596
4.41788,0.19467
4.41874,0.19569
4.4196,0.19402
4.42046,0.19421
4.42132,0.19307
4.42218,0.19531
4.42304,0.19613
4.42389,0.19586
4.42475,0.19497
4.42561,0.194
4.42647,0.19652
4.42733,0.19398
4.42819,0.1952
4.42905,0.19538
4.4299,0.19418
4.43076,0.19667
4.43162,0.19381
4.43248,0.19474
4.43334,0.19684
4.4342,0.1936
4.43506,0.19377
4.43591,0.19634
4.43677,0.19389
4.43763,0.19535
4.43849,0.1949
4.43935,0.19732
4.44021,0.19372
4.44107,0.19576
4.44192,0.19443
4.44278,0.19402
4.44364,0.19402
4.4445,0.19541
4.44536,0.19334
4.44622,0.19253
4.44708,0.19604
4.44793,0.19451
4.44879,0.19377
4.44965,0.19316
4.45051,0.19413
4.45137,0.19442
4.45223,0.19485
4.45309,0.19341
4.45394,0.19274
4.4548,0.19565
4.45566,0.19456
4.45652,0.19441
4.45738,0.1935
4.45824,0.19347
4.4591,0.19413
4.45995,0.19266
4.46081,0.19248
4.46167,0.19588
4.46253,0.19508
4.46339,0.19234
4.46425,0.19386
4.46511,0.19319
4.46596,0.19352
4.46682,0.19483
4.46768,0.1936
4.46854,0.19279
4.4694,0.19279
4.47026,0.19256
4.47112,0.19482
4.47197,0.19528
4.47283,0.19311
4.47369,0.19427
4.47455,0.19244
4.47541,0.19418
4.47627,0.19353
4.47713,0.19357
4.47798,0.19288
4.47884,0.1937
4.4797,0.19341
4.48056,0.1944
4.48142,0.19265
4.48228,0.19229
4.48314,0.19113
4.48399,0.1946
4.48485,0.19626
4.48571,0.19342
4.48657,0.19081
4.48743,0.19078
4.48829,0.19233
4.48915,0.19279
4.49,0.19515
4.49086,0.19369
4.49172,0.19459
4.49258,0.19225
4.49344,0.19214
4.4943,0.1918
4.49516,0.1916
4.49601,0.19251
4.49687,0.19272
4.49773,0.19499
4.49859,0.19384
4.49945,0.19284
4.50031,0.19235
4.50117,0.19214
4.50202,0.1907
4.50288,0.19331
4.50374,0.19092
4.5046,0.19295
4.50546,0.19091
4.50632,0.19046
4.50718,0.19117
4.50803,0.19177
4.50889,0.19207
4.50975,0.19086
4.51061,0.19261
4.51147,0.19364
4.51233,0.1911
4.51319,0.19053
4.51404,0.18924
4.5149,0.19074
4.51576,0.19332
4.51662,0.19154
4.51748,0.19189
4.51834,0.18909
4.5192,0.19251
4.52005,0.19169
4.52091,0.18987
4.52177,0.19149
4.52263,0.19081
4.52349,0.19199
4.52435,0.1923
4.52521,0.19192
4.52606,0.19165
4.52692,0.18999
4.52778,0.19102
4.52864,0.1922
4.5295,0.19006
4.53036,0.19179
4.53122,0.18815
4.53207,0.19063
4.53293,0.18879
4.53379,0.18913
4.53465,0.1909
4.53551,0.19223
4.53637,0.19068
4.53723,0.19391
4.53808,0.19036
4.53894,0.19101
4.5398,0.18849
4.54066,0.18957
4.54152,0.19021
4.54238,0.18947
4.54324,0.18906
4.54409,0.19115
4.54495,0.18922
4.54581,0.19201
4.54667,0.19238
4.54753,0.19115
4.54839,0.18992
4.54925,0.19136
4.5501,0.18763
4.55096,0.18996
4.55182,0.1915
4.55268,0.19036
4.55354,0.19321
4.5544,0.1896
4.55526,0.18896
4.55611,0.1914
4.55697,0.19145
4.55783,0.19158
4.55869,0.18803
4.55955,0.18952
4.56041,0.1891
4.56127,0.19012
4.56212,0.18806
4.56298,0.18924
4.56384,0.19079
4.5647,0.18923
4.56556,0.18947
4.56642,0.19121
4.56728,0.18938
4.56813,0.18867
4.56899,0.18825
4.56985,0.18958
4.57071,0.19047
4.57157,0.18873
4.57243,0.18947
4.57329,0.18705
4.57414,0.19078
4.575,0.18858
4.57586,0.18978
4.57672,0.18945
4.57758,0.18854
4.57844,0.18823
4.5793,0.18951
4.58016,0.18845
4.58101,0.18851
4.58187,0.19051
4.58273,0.18885
4.58359,0.19078
4.58445,0.1873
4.58531,0.19034
4.58617,0.18764
4.58702,0.18877
4.58788,0.18801
4.58874,0.18905
4.5896,0.18859
4.59046,0.18729
4.59132,0.18648
4.59218,0.18855
4.59303,0.18872
4.59389,0.18873
4.59475,0.18851
4.59561,0.18847
4.59647,0.18732
4.59733,0.18917
4.59819,0.18832
4.59904,0.18793
4.5999,0.18871
4.60076,0.18842
4.60162,0.18695
4.60248,0.18656
4.60334,0.18747
4.6042,0.18859
4.60505,0.18741
4.60591,0.18719
4.60677,0.18868
4.60763,0.19049
4.60849,0.18683
4.60935,0.18701
4.61021,0.18698
4.61106,0.18892
4.61192,0.18952
4.61278,0.18624
4.61364,0.18777
4.6145,0.18881
4.61536,0.18759
4.61622,0.18916
4.61707,0.18656
4.61793,0.18881
4.61879,0.18787
4.61965,0.18795
4.62051,0.18664
4.62137,0.18571
4.62223,0.18757
4.62308,0.18658
4.62394,0.18632
4.6248,0.18633
4.62566,0.18747
4.62652,0.18665
4.62738,0.18924
4.62824,0.18704
4.62909,0.18553
4.62995,0.18801
4.63081,0.18794
4.63167,0.18822
4.63253,0.18725
4.63339,0.18595
4.63425,0.18612
4.6351,0.18721
4.63596,0.18378
4.63682,0.18635
4.63768,0.18596
4.63854,0.18666
4.6394,0.18912
4.64026,0.18456
4.64111,0.18745
4.64197,0.18721
4.64283,0.18543
4.64369,0.18573
4.64455,0.18593
4.64541,0.18647
4.64627,0.18789
4.64712,0.18571
4.64798,0.18725
4.64884,0.18579
4.6497,0.18691
4.65056,0.1845
4.65142,0.18437
4.65228,0.18649
4.65313,0.18442
4.65399,0.18485
4.65485,0.18304
4.65571,0.18574
4.65657,0.18704
4.65743,0.18732
4.65829,0.18518
4.65914,0.18474
4.66,0.1852
4.66086,0.18805
4.66172,0.18339
4.66258,0.18683
4.66344,0.18602
4.6643,0.1859
4.66515,0.18801
4.66601,0.18472
4.66687,0.18582
4.66773,0.18531
4.66859,0.18702
4.66945,0.18603
4.67031,0.18363
4.67116,0.18598
4.67202,0.1864
4.67288,0.18479
4.67374,0.18494
4.6746,0.18547
4.67546,0.18372
4.67632,0.18609
4.67717,0.18454
4.67803,0.18619
4.67889,0.18288
4.67975,0.18412
4.68061,0.18255
4.68147,0.18454
4.68233,0.18468
4.68318,0.18492
4.68404,0.18597
4.6849,0.18608
4.68576,0.18599
4.68662,0.18461
4.68748,0.18302
4.68834,0.18505
4.68919,0.18567
4.69005,0.18398
4.69091,0.18367
4.69177,0.18683
4.69263,0.18467
4.69349,0.18414
4.69435,0.18335
4.6952,0.18483
4.69606,0.18438
4.69692,0.18304
4.69778,0.18684
4.69864,0.18463
4.6995,0.18365
4.70036,0.1836
4.70121,0.18502
4.70207,0.18333
4.70293,0.18407
4.70379,0.18447
4.70465,0.18284
4.70551,0.1849
4.70637,0.18314
4.70722,0.18462
4.70808,0.18721
4.70894,0.18659
4.7098,0.18255
4.71066,0.18516
4.71152,0.18616
4.71238,0.18168
4.71323,0.18577
4.71409,0.18596
4.71495,0.18178
4.71581,0.18424
4.71667,0.18417
4.71753,0.187
4.71839,0.1815
4.71924,0.18288
4.7201,0.18266
4.72096,0.18412
4.72182,0.18181
4.72268,0.18564
4.72354,0.18386
4.7244,0.18095
4.72525,0.18367
4.72611,0.18233
4.72697,0.18325
4.72783,0.18368
4.72869,0.1834
4.72955,0.18403
4.73041,0.18165
4.73126,0.18484
4.73212,0.1825
4.73298,0.18061
4.73384,0.18543
4.7347,0.18345
4.73556,0.18233
4.73642,0.18096
4.73727,0.18439
4.73813,0.18315
4.73899,0.1842
4.73985,0.18322
4.74071,0.18282
4.74157,0.1825
4.74243,0.18386
4.74328,0.1839
4.74414,0.18372
4.745,0.18213
4.74586,0.18414
4.74672,0.18248
4.74758,0.18115
4.74844,0.18197
4.7493,0.18365
4.75015,0.18262
4.75101,0.18511
4.75187,0.18264
4.75273,0.18203
4.75359,0.1842
4.75445,0.18241
4.75531,0.1813
4.75616,0.1817
4.75702,0.18143
4.75788,0.18337
4.75874,0.18281
4.7596,0.18099
4.76046,0.18344
4.76132,0.18095
4.76217,0.18192
4.76303,0.18231
4.76389,0.18281
4.76475,0.18053
4.76561,0.18031
4.76647,0.18291
4.76733,0.18115
4.76818,0.18019
4.76904,0.18113
4.7699,0.17998
4.77076,0.18233
4.77162,0.18265
4.77248,0.18298
4.77334,0.18313
4.77419,0.18069
4.77505,0.18123
4.77591,0.18188
4.77677,0.18015
4.77763,0.18044
4.77849,0.18157
4.77935,0.18245
4.7802,0.17998
4.78106,0.18116
4.78192,0.18044
4.78278,0.18025
4.78364,0.1797
4.7845,0.1803
4.78536,0.17988
4.78621,0.18073
4.78707,0.18198
4.78793,0.17912
4.78879,0.18073
4.78965,0.18198
4.79051,0.18436
4.79137,0.18104
4.79222,0.18124
4.79308,0.17995
4.79394,0.18109
4.7948,0.18166
4.79566,0.18244
4.79652,0.18195
4.79738,0.18053
4.79823,0.18079
4.79909,0.18015
4.79995,0.18167
4.80081,0.18277
4.80167,0.17958
4.80253,0.17962
4.80339,0.1801
4.80424,0.17999
4.8051,0.18121
4.80596,0.18024
4.80682,0.18065
4.80768,0.17918
4.80854,0.17925
4.8094,0.18164
4.81025,0.1809
4.81111,0.18116
4.81197,0.17926
4.81283,0.18042
4.81369,0.18085
4.81455,0.17962
4.81541,0.17916
4.81626,0.18051
4.81712,0.17821
4.81798,0.18082
4.81884,0.17972
4.8197,0.17884
4.82056,0.17844
4.82142,0.18071
4.82227,0.181
4.82313,0.18027
4.82399,0.18052
4.82485,0.18107
4.82571,0.17869
4.82657,0.18001
4.82743,0.18083
4.82828,0.17951
4.82914,0.17988
4.83,0.1795
4.83086,0.1811
4.83172,0.18052
4.83258,0.17957
4.83344,0.1806
4.83429,0.17837
4.83515,0.17999
4.83601,0.17927
4.83687,0.17896
4.83773,0.18086
4.83859,0.17826
4.83945,0.17919
4.8403,0.17876
4.84116,0.17712
4.84202,0.17824
4.84288,0.18104
4.84374,0.17787
4.8446,0.18016
4.84546,0.1801
4.84631,0.18091
4.84717,0.17884
4.84803,0.17949
4.84889,0.17832
4.84975,0.17835
4.85061,0.17849
4.85147,0.17816
4.85232,0.1791
4.85318,0.17912
4.85404,0.17987
4.8549,0.17976
4.85576,0.17976
4.85662,0.17638
4.85748,0.17934
4.85833,0.17847
4.85919,0.18013
4.86005,0.17973
4.86091,0.17905
4.86177,0.17787
4.86263,0.1786
4.86349,0.17977
4.86434,0.17849
4.8652,0.18021
4.86606,0.17975
4.86692,0.18019
4.86778,0.17864
4.86864,0.1781
4.8695,0.17862
4.87035,0.17761
4.87121,0.17902
4.87207,0.17647
4.87293,0.1816
4.87379,0.17613
4.87465,0.17831
4.87551,0.17532
4.87636,0.17669
4.87722,0.17653
4.87808,0.17865
4.87894,0.17821
4.8798,0.1786
4.88066,0.17841
4.88152,0.17847
4.88237,0.17727
4.88323,0.17715
4.88409,0.17768
4.88495,0.17932
4.88581,0.17587
4.88667,0.17838
4.88753,0.17829
4.88838,0.17551
4.88924,0.18018
4.8901,0.17873
4.89096,0.1773
4.89182,0.17827
4.89268,0.17572
4.89354,0.17496
4.89439,0.1789
4.89525,0.17733
4.89611,0.17744
4.89697,0.17942
4.89783,0.17515
4.89869,0.17732
4.89955,0.17873
4.9004,0.17734
4.90126,0.17737
4.90212,0.17625
4.90298,0.1779
4.90384,0.17565
4.9047,0.17732
4.90556,0.17909
4.90641,0.17683
4.90727,0.17654
4.90813,0.17814
4.90899,0.17847
4.90985,0.17628
4.91071,0.1763
4.91157,0.17738
4.91242,0.17745
4.91328,0.17572
4.91414,0.17572
4.915,0.17735
4.91586,0.17754
4.91672,0.17545
4.91758,0.17711
4.91844,0.17546
4.91929,0.17569
4.92015,0.17646
4.92101,0.17711
4.92187,0.17781
4.92273,0.17662
4.92359,0.17812
4.92445,0.17741
4.9253,0.1749
4.92616,0.17482
4.92702,0.1749
4.92788,0.17873
4.92874,0.17455
4.9296,0.17685
4.93046,0.17367
4.93131,0.17713
4.93217,0.17603
4.93303,0.17585
4.93389,0.17514
4.93475,0.17588
4.93561,0.17543
4.93647,0.17402
4.93732,0.17633
4.93818,0.17459
4.93904,0.175
4.9399,0.17556
4.94076,0.17458
4.94162,0.17447
4.94248,0.17814
4.94333,0.17706
4.94419,0.17361
4.94505,0.17307
4.94591,0.17637
4.94677,0.17487
4.94763,0.17717
4.94849,0.17528
4.94934,0.17512
4.9502,0.17587
4.95106,0.17399
4.95192,0.17642
4.95278,0.17553
4.95364,0.17606
4.9545,0.1733
4.95535,0.17336
4.95621,0.17539
4.95707,0.17351
4.95793,0.17401
4.95879,0.17407
4.95965,0.17525
4.96051,0.17415
4.96136,0.17309
4.96222,0.17495
4.96308,0.17446
4.96394,0.17559
4.9648,0.17443
4.96566,0.17351
4.96652,0.17316
4.96737,0.17578
4.96823,0.17648
4.96909,0.17481
4.96995,0.17411
4.97081,0.17637
4.97167,0.17636
4.97253,0.17388
4.97338,0.17713
4.97424,0.17674
4.9751,0.17574
4.97596,0.17405
4.97682,0.17332
4.97768,0.17405
4.97854,0.17544
4.97939,0.17345
4.98025,0.17535
4.98111,0.17411
4.98197,0.17548
4.98283,0.17374
4.98369,0.17322
4.98455,0.17409
4.9854,0.17266
4.98626,0.17356
4.98712,0.17342
4.98798,0.17404
4.98884,0.17456
4.9897,0.17358
4.99056,0.1747
4.99141,0.17343
4.99227,0.17531
4.99313,0.17511
4.99399,0.17554
4.99485,0.17381
4.99571,0.17378
4.99657,0.17416
4.99742,0.17476
4.99828,0.17293
4.99914,0.17616
