side,temp,obs,mean,var,var_ci80_low,var_ci80_high,var_ci95_low,var_ci95_high,tau
32,2.11919,energy,-1.75254051995798,0.00447188392689706,0.00445072937175942,0.00449460101283451,0.00443952435809572,0.00450404071612652,3.72382487652373
32,2.11919,magnet,0.857371386576945,0.00249798321271204,0.00245128725256333,0.0025422561425876,0.00242834370364146,0.00256216134994698,8.97221954308643
45,2.11919,energy,-1.63635348729121,0.00227272691523859,0.00226176535183568,0.00228294827012091,0.00225486480156153,0.00228922228302423,3.61173991123684
45,2.11919,magnet,0.857846604834526,0.0012106120925129,0.00119660738259847,0.00122422024191197,0.00118953960804986,0.00123169915596216,7.98852657033925
64,2.11919,energy,-1.65598753939076,0.00113306791888315,0.00112760904864298,0.00113868864597061,0.00112513059009425,0.00114116157031054,3.72664532196016
64,2.11919,magnet,0.857201331582674,0.000627175825151415,0.000620907390738196,0.000633494499802382,0.000617826275091081,0.000636436564189091,8.71724875669152
90,2.11919,energy,-1.6477769361967,0.000568992632317462,0.000566388980393323,0.000571710557700407,0.000564891659795656,0.000572906133944081,3.68099382642266
90,2.11919,magnet,0.857277140782239,0.0003139175707479,0.000310922368871234,0.000317074744761863,0.000309410691241007,0.000318440522157095,9.62442344332568
32,2.12419,energy,-1.63997092962185,0.0045744603069933,0.00454982979520967,0.00459605281571735,0.00453611021301258,0.00460734769871694,3.79859781910861
32,2.12419,magnet,0.854459132090336,0.00263349865267652,0.00258709485605887,0.00268249512416182,0.00256348758941105,0.00270765722616157,10.3413003173604
45,2.12419,energy,-1.63189846581596,0.00230961444069551,0.00229826379173181,0.00231981372456167,0.00229176057638886,0.00232403358564494,3.82849606488644
45,2.12419,magnet,0.854133113429661,0.00131050359078425,0.00129383627655398,0.00132712289398982,0.00128459590586006,0.00133549653959414,9.03596346290104
64,2.12419,energy,-1.64900096507353,0.00115163908829786,0.00114575552008686,0.00115695951101906,0.0011428492331231,0.00115959943180688,3.73749079445848
64,2.12419,magnet,0.854253692883403,0.000661349540781225,0.000653716899354485,0.000669576122548154,0.000648266392981141,0.000673568747215852,9.95320113322082
90,2.12419,energy,-1.65806574125947,0.000576600084079589,0.000573930388218218,0.000579284584763393,0.00057244009095144,0.000580879699238053,3.84541929189477
90,2.12419,magnet,0.854229015458035,0.000337661845522408,0.000334525761525393,0.000341191228103205,0.000332507250060342,0.000342823122018483,9.6989468976666
32,2.12919,energy,-1.62457429096639,0.0046889051003627,0.00466594696210223,0.00471119710954168,0.0046555606734832,0.0047232427241066,4.09198040609319
32,2.12919,magnet,0.850838772667686,0.0029300400150029,0.00285305429957333,0.00300827284947751,0.00281227235607196,0.00304602391246735,13.4425346539699
45,2.12919,energy,-1.61761101525054,0.00237751047354151,0.00236606699125621,0.00238878182186524,0.00236022863105605,0.0023946927839058,3.99142380536125
45,2.12919,magnet,0.850625587287632,0.00146684078960986,0.00144144973639054,0.00149148052436157,0.00142863710742588,0.00150296133567904,11.2911208579205
64,2.12919,energy,-1.6345507549895,0.00116769274642356,0.00116248623060728,0.00117293825440348,0.00115948575695071,0.00117632858707574,4.03566307006282
64,2.12919,magnet,0.850825397608313,0.000711917673467358,0.000701339601670745,0.000721962672608524,0.000695292014677853,0.000727091872904757,10.8652986709788
90,2.12919,energy,-1.59805593775288,0.000594624699788379,0.000591948889938376,0.000597593897232671,0.000590416844038855,0.00059912746741971,4.04183442565172
90,2.12919,magnet,0.850666828506462,0.000369431098520814,0.000364506273965362,0.000373642884474405,0.000362375185548589,0.000375959945673964,12.6132794939873
32,2.13419,energy,-1.61351427914916,0.00482806869868228,0.00480090375468085,0.00485312681142731,0.00478577727437016,0.00486478344414292,4.53132065879885
32,2.13419,magnet,0.847023713235294,0.00323994676834632,0.00315251312247714,0.00332779768144441,0.00310961248651535,0.00337894366489146,13.6771566920528
45,2.13419,energy,-1.60220003568835,0.00244599274352792,0.00243391069107825,0.00245778784262323,0.00242851011904828,0.0024634044193601,4.27061095874943
45,2.13419,magnet,0.847326444352735,0.00154542555885789,0.00151487801228525,0.00157557996511794,0.00149801526375791,0.00159352337718726,12.9323013728078
64,2.13419,energy,-1.63260730698529,0.00119739360540783,0.00119161804285238,0.00120291808970908,0.00118807340287105,0.00120565904668531,4.19334246939747
64,2.13419,magnet,0.847577863448895,0.000755807938290087,0.000744997066803057,0.000766212304668583,0.000738745823200375,0.000771291083922506,11.5826739010862
90,2.13419,energy,-1.61718881045752,0.000604194276976273,0.000601234269706588,0.000606920037510411,0.000599578288224121,0.000608686558785414,4.08472057671198
90,2.13419,magnet,0.847596106332926,0.000379647944866183,0.000375485838494095,0.00038364361287065,0.000373600493422201,0.00038550263814506,10.6478064598953
32,2.13919,energy,-1.57732828256303,0.00487648116966213,0.00485414603411167,0.00490093342428425,0.00483972837846272,0.00491267055361349,4.32401494815228
32,2.13919,magnet,0.84424466080402,0.00321732763714377,0.00314162101206696,0.00329001557938312,0.0030991114609061,0.00333366058613158,12.5557202119712
45,2.13919,energy,-1.68393363294948,0.00248394187134622,0.00247205568261296,0.00249596865097539,0.0024668678104135,0.00250281818308709,4.27133902364176
45,2.13919,magnet,0.844033530449217,0.00160933751481127,0.0015888126254329,0.00163098792722831,0.00157607500234202,0.00164057620651573,10.152059060927
64,2.13919,energy,-1.62762347689076,0.00122392209045338,0.00121780126803214,0.00122947323037564,0.00121503096925931,0.00123233914710899,4.45459347762564
64,2.13919,magnet,0.843764564536317,0.000814177722388012,0.000802528230603626,0.000826221428752724,0.000796374393727539,0.000831223122839412,11.7247347610157
90,2.13919,energy,-1.62510136570184,0.000623893456532616,0.000621155204363518,0.000626806931276647,0.000619471533592951,0.000628365737897218,4.48695727548407
90,2.13919,magnet,0.844000952119162,0.000415320966216843,0.000410709750215901,0.00041977129451299,0.000408394976369221,0.00042241437336577,11.6719204544942
32,2.14419,energy,-1.62421158088235,0.00499303158259365,0.00496947460971842,0.0050172460788669,0.00495686476583748,0.00503032562056552,4.38945620192153
32,2.14419,magnet,0.840517725840336,0.00337215807606457,0.0033101832248979,0.00343471295928263,0.00327367804716509,0.00345600804368664,10.459739413529
45,2.14419,energy,-1.59932125739185,0.00253492423472685,0.00252197666320306,0.00254922222386511,0.00251426167381825,0.00255601845877949,4.66080124798775
45,2.14419,magnet,0.840016911070477,0.00176614367809672,0.00173617940615601,0.00179324075222538,0.00172048642971207,0.00180907426648131,12.4014401005508
64,2.14419,energy,-1.61262477022059,0.00124998647682792,0.00124351482028073,0.001256779658127,0.00124012962945452,0.00126014968560478,4.62502666570333
64,2.14419,magnet,0.840488298319041,0.000867483643577328,0.000854802324211706,0.000880170268443117,0.000847387437717435,0.000886751164127282,13.2781425853886
90,2.14419,energy,-1.63353154061625,0.000632414430924077,0.000628968361582072,0.000635823818157395,0.000627223720004748,0.000637577419276954,4.51729037810869
90,2.14419,magnet,0.840162608569354,0.000445912559976635,0.000439798804584715,0.000451678277927456,0.000436377170040931,0.000454669261410142,14.2496594314248
32,2.14919,energy,-1.61419820115546,0.0051573938683119,0.00513196172077771,0.0051857091508897,0.00511338675333304,0.00519914547544685,4.84804718402867
32,2.14919,magnet,0.835640925415119,0.00390414988442663,0.00381450012746327,0.00399107724869984,0.00376906370226503,0.00404335268150537,13.2580683627819
45,2.14919,energy,-1.56096602552132,0.00259093033759585,0.00257773515237198,0.00260535338354641,0.00257132085540534,0.00261247823446956,4.97474144042655
45,2.14919,magnet,0.836170315406624,0.00191209166054115,0.00187113019264232,0.00195041034331494,0.00185383861960836,0.00197045825118281,15.0897750276405
64,2.14919,energy,-1.63030288209034,0.00128203164208748,0.00127516544921568,0.00128932818847705,0.00127039183619631,0.00129297201193773,4.74875504360854
64,2.14919,magnet,0.836540239837093,0.000931759456136928,0.000918002700524382,0.000945399243657591,0.000911700181119502,0.000952514367387514,13.1189883741974
90,2.14919,energy,-1.60852785143687,0.000647048777510465,0.0006436773074258,0.000650350971830033,0.000641867041752284,0.000652077057262596,4.76108664842349
90,2.14919,magnet,0.83631905882353,0.00047488283467863,0.000468186782570816,0.000481218682588174,0.000464412615382783,0.00048499061957917,13.5330587176369
32,2.15419,energy,-1.66795611213235,0.0052260250120002,0.00519751444927148,0.00525585367670837,0.00518393664033831,0.00526967538502179,5.05173946600335
32,2.15419,magnet,0.832869698660714,0.00411380848392531,0.00400486126288723,0.00423620989604994,0.00393642588378198,0.00429948059828112,16.67134319345
45,2.15419,energy,-1.62386451706609,0.0026432468866617,0.00263024652750513,0.00265671362604294,0.00262335409614192,0.00266493416066514,4.91427462546253
45,2.15419,magnet,0.832467609113738,0.00200634301676972,0.00196819455233531,0.00204140499688361,0.00195002469117935,0.00205922720302415,13.1660634066153
64,2.15419,energy,-1.59439695214023,0.00130625316214692,0.00129929088788982,0.00131327476942053,0.00129484892545999,0.00131755970824802,4.65832842401772
64,2.15419,magnet,0.832753601140895,0.000974273209846616,0.000960979303613605,0.000987391489299759,0.000953760907493537,0.000994104316895725,12.9340410641232
90,2.15419,energy,-1.58354256665629,0.000661055085960448,0.000657750378957285,0.0006644783676217,0.000655870968845381,0.000666216192899815,5.0469073576194
90,2.15419,magnet,0.832634978434847,0.000505313220638321,0.000499721566815167,0.000510487824046173,0.000496036585193837,0.000513776434103957,13.301018841437
32,2.15919,energy,-1.64583441001039,0.00536643671801443,0.00533454309372015,0.00540076688627647,0.00531457564398091,0.00541652385290995,5.61292769345708
32,2.15919,magnet,0.828482536119019,0.00453918799463999,0.00438531532360622,0.00468615676795993,0.0043033562185569,0.00476406892724671,22.2242492681163
45,2.15919,energy,-1.60195291967273,0.00272084205142246,0.00270428133855657,0.00273681028543327,0.00269467013070882,0.00274480595997993,5.74184853847296
45,2.15919,magnet,0.827971442680776,0.00227095571941746,0.00221971982235928,0.00231928804859113,0.00219341517664568,0.00234575727676025,17.2066194145932
64,2.15919,energy,-1.56742568277311,0.00134347048047565,0.00133609717949027,0.00135097319101847,0.00133204747587507,0.00135535179762851,5.18505918445063
64,2.15919,magnet,0.828452925290544,0.00108872914789047,0.00107181471316067,0.00110597541956311,0.00106351174997874,0.00111544631721619,14.7547215332794
90,2.15919,energy,-1.58196938686586,0.000677446080729806,0.000673782618177035,0.000681103777446347,0.000671859241024267,0.000682889942124819,5.22538359832529
90,2.15919,magnet,0.827997679446827,0.000557126949851925,0.000549779360828526,0.000564117605472049,0.000545796407518492,0.000567801067531388,15.0184842173012
32,2.16419,energy,-1.62088643714643,0.00549526127763759,0.00546380806013776,0.00552625491084457,0.00544682988292083,0.00554244904053138,5.76973240238231
32,2.16419,magnet,0.82389380360168,0.00488032758411668,0.00473217909508095,0.00503045767118181,0.00464847244412972,0.00511847739914447,20.8620982053401
45,2.16419,energy,-1.59067060216542,0.00281090938997444,0.00279485617292153,0.0028281590856197,0.00278659875902988,0.00283619733643055,6.03332200505546
45,2.16419,magnet,0.822836966524447,0.00253978845076167,0.00248077353319345,0.00259882109036325,0.00245079231707719,0.00262252179547562,18.136974569904
64,2.16419,energy,-1.61972226234244,0.0013680638306204,0.0013604900083295,0.00137578765425619,0.00135646623557262,0.00137948986779507,5.24167431453278
64,2.16419,magnet,0.824298150275735,0.00115386483164379,0.00113611650445475,0.00117053481276396,0.00112586597176824,0.00118022808062895,14.188865163136
90,2.16419,energy,-1.58476737395343,0.000696133661394446,0.000692205648168385,0.000700157073255841,0.00068983751398121,0.00070216519355064,5.60116791935235
90,2.16419,magnet,0.823859652857609,0.000624165704755013,0.000613700956071264,0.00063370775311209,0.00060648077586219,0.000639426786367406,19.3546849474563
32,2.16919,energy,-1.63418327205882,0.00564108213938682,0.00560703992704338,0.00567902795171752,0.00558760176075039,0.005697410604755,6.56111657344446
32,2.16919,magnet,0.818326156132145,0.00554257503096841,0.00535877240048438,0.00574824290375921,0.00526108968356497,0.00583378364613037,22.1799570359626
45,2.16919,energy,-1.52608119462281,0.00285142123576038,0.0028348397463631,0.00286903556794292,0.00282593098926375,0.00287780569316816,5.68394504010247
45,2.16919,magnet,0.819723633137996,0.00253922971542255,0.00248885954757442,0.0025930246188473,0.00245771338257365,0.00261838118068453,15.9188252507124
64,2.16919,energy,-1.59097195655435,0.00140637027753254,0.00139845475074136,0.00141473088478532,0.00139487243327639,0.00141929688882661,6.1721189259962
64,2.16919,magnet,0.818903985031513,0.00135179176575377,0.00132685703350456,0.00137777421246055,0.00131196166546249,0.00138884440229467,19.9126941690542
90,2.16919,energy,-1.58612430434408,0.000718332858122734,0.000714147753543617,0.000722226759916993,0.000711790243513185,0.000725080629042192,6.20896105760748
90,2.16919,magnet,0.818835033999844,0.000712484421186587,0.000697172665334854,0.000727604260287107,0.000688723827759124,0.000736621317345512,26.4583948274392
32,2.17419,energy,-1.60993731617647,0.00588475454085143,0.00584783162514961,0.00592011756785033,0.00582436271801661,0.00594027504162619,7.09313902801206
32,2.17419,magnet,0.813045999226904,0.00619922830713697,0.00599449715070873,0.00640544218613655,0.00587864246591082,0.00650670281516854,23.0655047936633
45,2.17419,energy,-1.60173336819172,0.00292601831609868,0.00290760325769617,0.00294573099791075,0.00289685643409967,0.00295653229829325,6.55763956238681
45,2.17419,magnet,0.814331562847476,0.00289615575972255,0.00281875534402256,0.00297977068976142,0.00276654835348369,0.00301730849893202,22.7754456879862
64,2.17419,energy,-1.59522930995663,0.00145226158119857,0.00144363978491781,0.00146039604334069,0.00143940072373078,0.00146523116052559,6.26714454172895
64,2.17419,magnet,0.814877806198309,0.00141232679278441,0.00138543332194132,0.00143885407354658,0.00136949514756107,0.00145062648538461,18.7676606647536
90,2.17419,energy,-1.57318657371097,0.000737775680735581,0.000733111173754642,0.000742445927675294,0.00073075016883624,0.000744952672136596,6.50225881122234
90,2.17419,magnet,0.814004367653223,0.000749822952637282,0.000737560416491501,0.000761453343893424,0.000729486765287276,0.000768263220408874,20.6846988785332
32,2.17919,energy,-1.60208182598546,0.0059056919506027,0.00587033005882221,0.00594167332241556,0.00585096110698417,0.00595903308142439,6.44297041627689
32,2.17919,magnet,0.809837149052375,0.006166698612497,0.00596688419001618,0.00634749691944241,0.00586721109375129,0.0064443476637723,20.9224360154428
45,2.17919,energy,-1.57534318165785,0.00302388757192008,0.00300375665646619,0.00304384872628615,0.00299267172307297,0.00305469807246035,7.69509733879401
45,2.17919,magnet,0.809103570079884,0.00345494830857823,0.00333044842429341,0.00357011518144245,0.00324647426521404,0.00363543919184376,27.7015296500953
64,2.17919,energy,-1.58269944852941,0.0014957586994392,0.00148629086838494,0.00150475099850481,0.00148154233292774,0.00151010060452627,7.22096520272427
64,2.17919,magnet,0.809107950019159,0.00163807439594965,0.00159347931151098,0.00168034495934069,0.00156902163570285,0.00169916494255323,24.4382653739016
90,2.17919,energy,-1.54579689179375,0.000749729806664151,0.000745212488038934,0.00075456277038931,0.000742754833233571,0.00075704925490307,6.76104869625914
90,2.17919,magnet,0.80971281666443,0.000790721682086343,0.000777500442526584,0.000803542559192079,0.000770059195040732,0.000808626587769282,21.5764687204112
32,2.18419,energy,-1.59663598345588,0.00608409425393305,0.00604647539807778,0.00612185333355858,0.00602849798642272,0.00614190426097008,7.46301899148945
32,2.18419,magnet,0.803503035883551,0.00688177343038065,0.00667458599771724,0.00708706588785752,0.00656081155293233,0.00720835533364819,23.7848884533422
45,2.18419,energy,-1.52821052474323,0.00306435488667286,0.00304293298705763,0.00308602489902231,0.00303375587330136,0.00309752259976064,8.03283027492503
45,2.18419,magnet,0.804230038800706,0.00357098384383719,0.00342627138484238,0.00371875802033695,0.00333296720102669,0.00378469159004904,33.6949667595058
64,2.18419,energy,-1.54630009191176,0.00153415818664033,0.00152366620200878,0.00154448930695438,0.00151744140507449,0.00155092408951157,7.91518911128774
64,2.18419,magnet,0.803268880302428,0.00203442943979938,0.00190718757225692,0.00216071939902877,0.00181835280544062,0.00220776247576829,42.9337198015524
90,2.18419,energy,-1.57612435148874,0.000779457077530494,0.000774095665339725,0.000785046258179197,0.000771501568589609,0.000788024100701685,8.35002836324685
90,2.18419,magnet,0.8037926574945,0.000994627555153888,0.000943746485015302,0.00104186478052244,0.000914285953980267,0.00106105759213098,45.8870264548908
32,2.18919,energy,-1.53982629619056,0.00632395629081941,0.00627772226931828,0.0063713658819462,0.00625654486983481,0.00639277267081462,8.61153020989852
32,2.18919,magnet,0.797184797884945,0.0080351871107984,0.00774675188323957,0.00831952393819531,0.00759074076577688,0.00846555308570399,29.943446070956
45,2.18919,energy,-1.54570408382612,0.00317128724819849,0.00315028149769857,0.0031928499982481,0.00313835137755754,0.00320549204076209,8.18015155124416
45,2.18919,magnet,0.797906870007262,0.00427036388566343,0.00409480602499089,0.00444868482583772,0.00396888450465996,0.00453216896612024,34.715251455163
64,2.18919,energy,-1.5775973279937,0.00156924203133628,0.00155849331617685,0.00158086936010202,0.00155316205614145,0.00158696242947058,7.80280014581251
64,2.18919,magnet,0.798865037449519,0.00194948511694364,0.0019025690540086,0.00199354677333886,0.00187787167943399,0.00201698508342268,27.2204654429385
90,2.18919,energy,-1.56969105010893,0.000796508786804398,0.000791476807456412,0.000801943401862,0.000788557997480978,0.000805360947240358,8.24698542454448
90,2.18919,magnet,0.798188698412699,0.00104678025848072,0.00102072920623537,0.0010735542501223,0.00100767741016467,0.00108656394492771,33.7948213992861
32,2.19419,energy,-1.5430594012605,0.00633941812575969,0.00629868982401319,0.00638484407979573,0.00627410968738281,0.00640792829809641,8.46929985305098
32,2.19419,magnet,0.792993566176471,0.00816016230091732,0.00789683809943591,0.00840980107699494,0.007757499530557,0.00855091023065976,27.5137680220788
45,2.19419,energy,-1.54787219294157,0.0032618520502341,0.00323687873772375,0.00328516485467586,0.00322637620063762,0.00330018401816326,9.01230892495367
45,2.19419,magnet,0.791914831550035,0.00450453556811022,0.00430521899772171,0.00468320395374569,0.00421444546643997,0.00477719055937972,36.9107165769585
64,2.19419,energy,-1.61483483993072,0.00158298569371347,0.00157198355331026,0.00159441355546208,0.00156555341797541,0.00159971982452414,8.57751655084487
64,2.19419,magnet,0.792806564012554,0.00214588843177113,0.00208802085358287,0.00220213475175543,0.00205521433892365,0.00223230926262083,29.5149901127853
90,2.19419,energy,-1.54540216370993,0.000809371783530131,0.000803580195373107,0.000815011739309612,0.000800416740234321,0.000818251673422197,8.45230119277792
90,2.19419,magnet,0.793086745098039,0.00106212305351298,0.00104189190663107,0.00108193603071966,0.00103214791785095,0.00109522728715923,27.7567654807529
32,2.19919,energy,-1.5478843487395,0.00658994060127197,0.00654648824660071,0.00663511201464573,0.00652129902148933,0.00665939650974183,8.42943456066462
32,2.19919,magnet,0.78693757510378,0.00878785426805556,0.00853652125594508,0.00904904565570808,0.00838530942898474,0.00917404583626294,25.6373306759533
45,2.19919,energy,-1.58640251335556,0.00333671317943673,0.00331370639532603,0.00335838009253042,0.00330319975709611,0.00337362621319363,8.94070575183923
45,2.19919,magnet,0.786218502459301,0.00471336074960431,0.00456989902402873,0.00486354599329799,0.00445687217458577,0.00492805221603769,29.7270183285831
64,2.19919,energy,-1.54733961397059,0.00167271599685533,0.00166025953243646,0.00168605652783168,0.00165382947941145,0.00169279590694372,10.0132023645739
64,2.19919,magnet,0.784982398424527,0.00269115343524892,0.00259931487551061,0.00278297252403866,0.00254818405061624,0.00283272826942447,37.695176992781
90,2.19919,energy,-1.55310116856117,0.000834621985315543,0.000828310406666153,0.00084113423048116,0.000824564958113444,0.000844289026437759,11.3673753000293
90,2.19919,magnet,0.785954528503548,0.00130220086355778,0.00126707937636567,0.00134324503501607,0.00124207058628487,0.00135783706609257,43.2849414354065
32,2.20419,energy,-1.55314863445378,0.00673063003679005,0.00667594416391865,0.00678354133117282,0.00665214115283339,0.00681330415067938,9.56620651969765
32,2.20419,magnet,0.78092178755546,0.0096770344900473,0.00935412117859337,0.00999797760597828,0.00917607328470545,0.010181891963233,29.8814471626309
45,2.20419,energy,-1.53319657077751,0.00348021139929672,0.00345005496029486,0.00350799695702775,0.00343687354697025,0.00352183408909231,11.6957336304939
45,2.20419,magnet,0.777929162776222,0.00629720116244334,0.00599425227201357,0.00661104764584026,0.00581778013445412,0.00677442712537321,49.8933696604325
64,2.20419,energy,-1.56141542949843,0.00170504237758175,0.00169089400975167,0.00171833734733742,0.00168383535102023,0.0017263903097088,11.771795939549
64,2.20419,magnet,0.778993893355345,0.00320517564337516,0.00298350681185931,0.00341662481643166,0.00286555480736151,0.00353076709804402,61.7502646634812
90,2.20419,energy,-1.53558027384579,0.000865577548243212,0.000858472953650269,0.000872709623761685,0.000854865821536222,0.000876452881027435,10.985471430175
90,2.20419,magnet,0.779102703153324,0.00143463713300432,0.00139678642606307,0.00147448777136867,0.00137716452980143,0.0014946881489573,40.7280008544516
32,2.20919,energy,-1.52508836382208,0.00707295252743744,0.00701641895561526,0.00713035193298527,0.00698767990097101,0.00715863542054538,11.2772541650995
32,2.20919,magnet,0.770605691964286,0.0119740317143775,0.0115959216588942,0.0123633484152412,0.0113733258276833,0.0126281023400762,34.3569980648827
45,2.20919,energy,-1.51603723224138,0.00353730333007954,0.00350950526660244,0.00356604332531806,0.00349352134556672,0.00358260736582099,12.4042818533283
45,2.20919,magnet,0.771990054737124,0.00635498932212729,0.00606858743758881,0.00662893099826024,0.00591002811232397,0.00678181488427129,46.463167050262
64,2.20919,energy,-1.49479654943814,0.00179502735461359,0.00177783294624678,0.00181106794251975,0.00176927375456407,0.00182024626435503,15.1546784225278
64,2.20919,magnet,0.770177554553427,0.0039902785101099,0.00374772640996399,0.0042242496997566,0.00358396463179582,0.00438058432644952,69.0104139537795
90,2.20919,energy,-1.54249731299927,0.000900226019328752,0.000892453100445781,0.00090802405175199,0.000888634547983768,0.000912892754286458,14.231271450671
90,2.20919,magnet,0.770730522390735,0.00193366595388583,0.00181637635130425,0.00204146999654973,0.00174570155803292,0.00208853087363789,71.5661428199917
32,2.21419,energy,-1.57408807466815,0.00707467202179488,0.00701855982317986,0.00713195793654671,0.00698917081925847,0.00715717718536612,11.1723333016511
32,2.21419,magnet,0.763999327547002,0.0122227576572223,0.011829488943789,0.0126237711599322,0.0115939446136338,0.0128428690362889,32.5482176657264
45,2.21419,energy,-1.49116461206208,0.00373889238154175,0.00370286987667792,0.00377609741882317,0.00368539793897624,0.00379305878113328,15.4293230071195
45,2.21419,magnet,0.76259253449528,0.00857478238427769,0.00816933944088943,0.00898389197272475,0.00791935196891491,0.00915528019012228,55.7905990031901
64,2.21419,energy,-1.53511640625,0.00180944464275193,0.00179306268063019,0.00182629425133876,0.00178371531469091,0.00183424045208805,13.8374158427229
64,2.21419,magnet,0.763371487780199,0.00393134583343252,0.00374031005439399,0.00411922100724786,0.00362765755230567,0.0042335355119855,56.9144588740522
90,2.21419,energy,-1.53415196324214,0.000929946316427434,0.00092188215416424,0.000938850774543372,0.000917538610916548,0.000942952724376791,15.037008436153
90,2.21419,magnet,0.763614808242138,0.00204622768622158,0.0019489592571261,0.00214620588433864,0.00187892091983008,0.00219172436637221,65.7209077343054
32,2.21919,energy,-1.53949750450623,0.00745227565670787,0.00738832467826355,0.00751497755534481,0.00735045872956144,0.00754841255492048,13.1705541317465
32,2.21919,magnet,0.756605504673887,0.0138422832616808,0.0133556760054502,0.0142918767956295,0.0130987012919789,0.0145070643086233,36.2431414298363
45,2.21919,energy,-1.53989490835355,0.00383428948577031,0.00379896649103825,0.00386893564132199,0.00377745270450634,0.00389212472909789,15.5289084381778
45,2.21919,magnet,0.754455296409266,0.00850377645893489,0.00813833137061502,0.00888093430358918,0.00790641005098372,0.00909795507054817,54.5555698678029
64,2.21919,energy,-1.5182252801643,0.00191336326016269,0.00189549868356155,0.00193194716195424,0.00188628803776858,0.00194034258345958,16.0327166755694
64,2.21919,magnet,0.755649624637569,0.00446112752484975,0.00420994391348384,0.00470804605577333,0.00406768168967001,0.00481805173079497,67.1437954067669
90,2.21919,energy,-1.54831382010582,0.000964935007735643,0.00095550641517544,0.000973780777174774,0.000949788525266388,0.000979018246144078,17.2566889220549
90,2.21919,magnet,0.754285685654733,0.00244104506301372,0.00235051995397712,0.00255059818117747,0.00229111025834998,0.00260199412077598,69.3183368417636
32,2.22419,energy,-1.43829866042167,0.00756210876595469,0.00749482204334694,0.00762571652303787,0.00746578609283856,0.00765917406172804,12.7495312040642
32,2.22419,magnet,0.750307700892857,0.0145423716626456,0.0141363632344927,0.0149835226851358,0.013879079868395,0.015199274736711,34.3874360028487
45,2.22419,energy,-1.5627398921994,0.0039242394280668,0.00388447304710081,0.00396709750985399,0.0038634812841823,0.00398731472838182,17.6542328987659
45,2.22419,magnet,0.746943759430995,0.00955102037339301,0.00911577793441035,0.010030840611164,0.00879439135660332,0.0102235470134918,62.1423585083248
64,2.22419,energy,-1.5139760762769,0.00193730592299599,0.00191849731046201,0.00195946379623551,0.00190602002978939,0.00197103711095514,19.0629310375766
64,2.22419,magnet,0.744706115884725,0.0057035726112614,0.0053831285630158,0.00602446616528059,0.00519610009641904,0.00616763754858208,79.0018493732539
90,2.22419,energy,-1.5271522680776,0.000982352359509865,0.000972104829757534,0.000991915773586824,0.000967142900045981,0.000997615798966759,17.041220014967
90,2.22419,magnet,0.747317694214497,0.00252793429103588,0.00243933291257329,0.00261514725856045,0.0023982038379605,0.00266258934088578,65.3023440838073
32,2.22919,energy,-1.52216867284794,0.00785373927191442,0.00778854773732485,0.00792350771169556,0.00775264347200106,0.00796219536332278,13.080909512732
32,2.22919,magnet,0.740168790272568,0.0167509702906373,0.0162922853371739,0.0172615654019157,0.0159829901628362,0.0174952543541391,35.5094478100705
45,2.22919,energy,-1.4664285522803,0.00409712757144097,0.00405852738516925,0.00413928032457254,0.00403650875212263,0.00416217877774851,18.9516299171362
45,2.22919,magnet,0.735849583763248,0.0115286415076698,0.0109963276642747,0.0120568437506919,0.0107844476604935,0.012337903871633,64.1240229285925
64,2.22919,energy,-1.47506790369879,0.00207531000009719,0.00205254463385045,0.00209923769278658,0.00204026140749332,0.00211282104945236,22.4156000292204
64,2.22919,magnet,0.734645651963287,0.00690576632065109,0.00649074399199373,0.00730146804594775,0.00624109847525804,0.00748643479050852,89.6129720307222
90,2.22919,energy,-1.50230168274717,0.00101817050021041,0.00100725716540035,0.00102859828030249,0.0010012587881495,0.00103477602736858,19.8183030791879
90,2.22919,magnet,0.736389658678286,0.00301597527108864,0.00290572209640519,0.00313038904057075,0.00284087224990883,0.00318581630543452,70.1689055284116
32,2.23419,energy,-1.48756494770046,0.0079226763806894,0.00785490425312771,0.007992380446914,0.00781762562629396,0.00802568628447501,13.3581359259451
32,2.23419,magnet,0.73268203125,0.0172699545126246,0.0167792171851123,0.0177345906128605,0.0165554162313465,0.0179838649362143,34.2662748666397
45,2.23419,energy,-1.46372970744915,0.00422716692708187,0.00417713642293192,0.00427689479944085,0.00415473844137893,0.00430087670957933,20.6358889856963
45,2.23419,magnet,0.725619803476946,0.0126665259209594,0.0121220119196676,0.0132446040417459,0.0117799558441769,0.0134954561283619,69.1192973104313
64,2.23419,energy,-1.44502721491856,0.00209580615094148,0.002071418378602,0.00211940832570982,0.00205948969202007,0.00213296173161891,21.7867834979429
64,2.23419,magnet,0.725617530836909,0.00679739851487757,0.0065063833981862,0.00706646813955253,0.00633264376803477,0.00725363458337407,68.9349179820031
90,2.23419,energy,-1.48632380952381,0.00106137866295476,0.00104885450505775,0.00107487915794273,0.0010423805879664,0.00108039586084231,24.6154074704281
90,2.23419,magnet,0.724681856225344,0.00431738000288154,0.00397734515497351,0.00464105821181511,0.00378266777287989,0.00479734486846343,107.442912706856
32,2.23919,energy,-1.52240294117647,0.00807706450339111,0.00801045735883369,0.00814586702148926,0.00796898693170823,0.0081798097193477,13.6508337048903
32,2.23919,magnet,0.724068862309414,0.0181315642844797,0.0176335961080794,0.0186003232713301,0.0173927084329852,0.0188781298390781,36.0379206695942
45,2.23919,energy,-1.55149491044968,0.00433216282785157,0.00428910362290027,0.00438268700559636,0.00425745362535985,0.00440591928458997,23.1429341672363
45,2.23919,magnet,0.715031491640075,0.0147518965441653,0.014114505168042,0.0153978067282894,0.0138159822697093,0.0156715252108418,72.0805039937311
64,2.23919,energy,-1.47813157768484,0.00221828679480885,0.00218993014448788,0.00224701387567254,0.00217184766436791,0.00226345060935604,28.7181546598588
64,2.23919,magnet,0.70920494522622,0.00991099340861906,0.00932150727302392,0.0104496645848844,0.00896471280882342,0.0107762969846199,105.508031881509
90,2.23919,energy,-1.49653225475147,0.00112978738709939,0.00111508140076944,0.00114405909267481,0.00110667067980607,0.00115154877878278,30.1938840568759
90,2.23919,magnet,0.709079236622465,0.00609131770484419,0.00562197021540701,0.00652476614857166,0.00531810617495646,0.00676180900530714,126.101836203824
32,2.24419,energy,-1.60417991071429,0.00837838871807371,0.00829990929700691,0.00845655102373581,0.00826033163720412,0.00849630705535942,16.9170085506636
32,2.24419,magnet,0.710535920381727,0.0214826838482429,0.0209547789492332,0.0220434688712971,0.020637920578904,0.0223132003444006,41.172830660042
45,2.24419,energy,-1.54199161373901,0.00446841845144676,0.00441937262386308,0.00452088886647862,0.0043951274119369,0.00454083710000133,21.7836316916981
45,2.24419,magnet,0.703023914524399,0.0154057358867207,0.0148014159731413,0.0160092711758414,0.0144740229450555,0.0163792069375578,63.7880158109178
64,2.24419,energy,-1.48780326272924,0.0023456010880523,0.00231544167515854,0.002375366356468,0.00229726067468475,0.0023956614946583,31.9711170976123
64,2.24419,magnet,0.694923319085028,0.0120046068305726,0.0113254445465348,0.0126586084010573,0.0109875002817685,0.0130029858399351,110.333313974534
90,2.24419,energy,-1.48876127902669,0.00119933641381279,0.0011821578448072,0.00121605534698152,0.00117146851239819,0.00122494784813586,36.0440931621131
90,2.24419,magnet,0.693393657862621,0.0076139957779307,0.00705989920948735,0.00812141347536498,0.00681399273973862,0.00840712015876962,134.141760599822
32,2.24919,energy,-1.44819681465387,0.00847731321260386,0.00840010298744364,0.00855902822300998,0.0083546337017558,0.00859503378662774,15.444560047199
32,2.24919,magnet,0.703703777621663,0.0219210103142309,0.0213119155786791,0.0224732550476695,0.0210380426142175,0.0227588891022573,37.8201148537444
45,2.24919,energy,-1.50392702104187,0.0047346023459772,0.00467847716919566,0.00479003419743046,0.00465217736113906,0.00481349955533104,26.3527143395679
45,2.24919,magnet,0.687471339017167,0.0190159977806613,0.0182759157536217,0.0197336977518829,0.0179057161853397,0.0201399196681782,74.07762797579
64,2.24919,energy,-1.473206094271,0.0023325146711509,0.002303613427722,0.00236356709240353,0.00228761519849128,0.00237764855040629,31.0304147989716
64,2.24919,magnet,0.686565871266498,0.0117450675583202,0.0111500645042983,0.0124061632770988,0.0107819803349432,0.0127148003726747,102.068575666609
90,2.24919,energy,-1.4717301036447,0.00125485260137439,0.0012347554695175,0.00127428707140936,0.00122610825274444,0.00128564268415598,45.0100847608154
90,2.24919,magnet,0.674649165612686,0.0111364400271942,0.0102276932289417,0.0119837034990265,0.00974099096166707,0.0124339434726425,159.898875214958
32,2.25419,energy,-1.46342109375,0.00867586806130078,0.00859556583503892,0.00875950037455724,0.00854196554810816,0.0087995835668099,17.3129613728607
32,2.25419,magnet,0.688995415181408,0.0248146649466734,0.0241856274146443,0.0254244849994572,0.0238252742709684,0.0258186807055625,41.8247302189237
45,2.25419,energy,-1.4695840966053,0.00470810434481097,0.00464778780681451,0.00476343076877266,0.00461954312683094,0.00479382727754352,26.5977475269136
45,2.25419,magnet,0.676737384339724,0.0205843514362811,0.0198295166683789,0.0213461580795407,0.0194008293586623,0.0217304158464418,73.0261967809134
64,2.25419,energy,-1.4397080707476,0.00246734114251656,0.00242955821122739,0.00250344965067478,0.00240748973027731,0.00252407770612825,41.9228296943288
64,2.25419,magnet,0.658908975872279,0.0184140125803688,0.0174567117161407,0.0192788029098559,0.0170607856032424,0.0197608329241501,126.826899263008
90,2.25419,energy,-1.46918873012832,0.00134985932008016,0.00132625456900662,0.00137354198604322,0.00131361300730577,0.00138517337102724,53.8975913267297
90,2.25419,magnet,0.647970022010621,0.014336321411232,0.0135071448234764,0.0152604042188936,0.0130548967374675,0.0157130952605127,164.034407305578
32,2.25919,energy,-1.35595632222592,0.00892782077095654,0.00883989771190129,0.00900897497977456,0.00880409199454477,0.0090535674053591,18.0759989839084
32,2.25919,magnet,0.679369860415049,0.026488777218029,0.0258438242253814,0.0271705063664796,0.0255775996079021,0.0275272904034182,41.81460258392
45,2.25919,energy,-1.35174044109418,0.00488424944246192,0.00482155292006741,0.00494507788978202,0.00478406344696469,0.00497062905434075,28.5748344339484
45,2.25919,magnet,0.657265402533867,0.0240491431024315,0.0233157596604981,0.0248145261079233,0.0228946558966391,0.0252214973212223,75.218743508529
64,2.25919,energy,-1.43945550317694,0.00269192424374897,0.00265028887929155,0.00273631643473631,0.00262681003436903,0.00275654423687959,45.8444878203956
64,2.25919,magnet,0.640584148640467,0.0203647449823465,0.0194821375688233,0.0213828635056015,0.0188655853252855,0.021888095557482,131.425578752904
90,2.25919,energy,-1.43806172729542,0.00138924951071761,0.0013652549755875,0.00141204212538514,0.0013532832413785,0.00142481200343486,52.908000672761
90,2.25919,magnet,0.635701293201733,0.0145355048804435,0.0137317265229153,0.0153964698207964,0.0133180440063299,0.0158011507747118,156.698618694164
32,2.26419,energy,-1.4421302209733,0.0091549783026269,0.00905947374527029,0.00925148793200142,0.00901059723813684,0.00930391733771302,18.981976787123
32,2.26419,magnet,0.665400668675025,0.0296571892887061,0.0290018501985268,0.0303594815374323,0.0286285927171507,0.0306739323376321,42.9421951307589
45,2.26419,energy,-1.418249395912,0.00506683580196222,0.00500460015628189,0.00513235834888449,0.00496752152833683,0.00516224946901955,29.7121475424161
45,2.26419,magnet,0.645689568747739,0.0244020660785627,0.023570696139221,0.0252039045597969,0.0231387253834536,0.0255830768702847,79.6076113355098
64,2.26419,energy,-1.44674827376271,0.00270153705922619,0.0026563854150626,0.00274578289757251,0.00263735428482595,0.00276587427111296,47.9166885102514
64,2.26419,magnet,0.621748402146185,0.0229003344584291,0.021902106947003,0.0238280907590972,0.0213785723709055,0.0244475308718073,131.753172641242
90,2.26419,energy,-1.45204695887426,0.0014249232889584,0.00140042654057031,0.00145021305230574,0.00138626979055322,0.00146289501501859,59.1990233986959
90,2.26419,magnet,0.608434323858742,0.0186244883648452,0.017531957444105,0.019605365633208,0.0170244231837051,0.0201168644157461,173.359035119964
32,2.26919,energy,-1.4678202330893,0.00918688009111786,0.00910514740764228,0.00927755533629461,0.00906705407250056,0.0093140727920452,18.442537257385
32,2.26919,magnet,0.654253112752348,0.0311900617486079,0.0304526579328634,0.0318685959575696,0.0300725929515596,0.032225708884246,43.7559950679102
45,2.26919,energy,-1.38241381462492,0.00517005077874565,0.00510227022295058,0.00523696413407126,0.0050728054789528,0.00527395006494993,31.7590005879545
45,2.26919,magnet,0.628083895543623,0.0280592793031223,0.0272146240797484,0.0289266525607964,0.0268454113555536,0.0294320138528476,79.0390770298459
64,2.26919,energy,-1.37092400580595,0.00277530038683001,0.00273083837019338,0.0028188614024574,0.00270392078118815,0.00284275393450226,52.3251211950253
64,2.26919,magnet,0.594473241175974,0.0268383331492155,0.0259125790502028,0.027822508456524,0.0253535456339071,0.0282533889767297,133.972103765304
90,2.26919,energy,-1.4367873015873,0.00152663211402717,0.00149822447358931,0.00155637624353261,0.00148422927192148,0.00157441067303429,68.0047656564797
90,2.26919,magnet,0.564435706123546,0.0266446654239932,0.0254641988677842,0.0277552656627608,0.0248130620612452,0.028334208658375,179.955334464456
32,2.27419,energy,-1.42479841466965,0.0093371183190179,0.00924110156845726,0.00942976906714532,0.0091768269807282,0.0094852019864133,21.0575481916244
32,2.27419,magnet,0.642338844046209,0.0320324438547327,0.0313474024352117,0.0327046035608302,0.0309804613441309,0.0330740074662828,46.6128107724167
45,2.27419,energy,-1.46488538977072,0.00524440868229633,0.00517600608384275,0.00531822125088718,0.00513248036412638,0.00535534412072409,33.9020218180475
45,2.27419,magnet,0.607443935559878,0.0320676917792493,0.0311364521256661,0.0330435062066726,0.0305883203357898,0.0335712909226962,83.5541641633955
64,2.27419,energy,-1.3897310053772,0.00284749938969117,0.00280021459428052,0.00289375391938762,0.00277749907313686,0.00292038251006068,52.1933243567609
64,2.27419,magnet,0.575122526598739,0.0292820907561963,0.0281963653280508,0.0303332949180886,0.0275796726785694,0.0308879621498357,134.10617725786
90,2.27419,energy,-1.40140599275102,0.00155533362411976,0.00152669891184918,0.00158461289989753,0.00151036950364681,0.00160041211836501,72.5438813133444
90,2.27419,magnet,0.533514298731076,0.0296224807094304,0.028561764301543,0.0307056519399743,0.0279263407176869,0.0312492268057817,180.037289817023
32,2.27919,energy,-1.39843080357143,0.00949185692072333,0.00938650282042041,0.00958472116247374,0.00933982703995808,0.0096410489205201,19.7010531640313
32,2.27919,magnet,0.631456970841162,0.0341764047504975,0.0334762700224395,0.0348929781820787,0.0331005297313008,0.0353149016151044,42.897584002792
45,2.27919,energy,-1.39222914661127,0.00534168287847018,0.00526509468798546,0.00541394392556233,0.0052224248385423,0.00544857255522474,36.6136210594047
45,2.27919,magnet,0.587092177816816,0.0351853907535454,0.0342915078489729,0.0361160285674263,0.0338719568212406,0.0365804918402874,84.1909720885358
64,2.27919,energy,-1.38009000693084,0.00282938745156253,0.00278509128427106,0.00287292931161203,0.00276284352913209,0.00289817830042541,53.2558203628848
64,2.27919,magnet,0.548971167987221,0.0322840457493872,0.0313079231506343,0.0332878418192142,0.030668399181259,0.0339005489559379,134.274137811004
90,2.27919,energy,-1.38575907044299,0.00154335182933671,0.00151390443237641,0.00157480615302089,0.00149998508874777,0.00159112431017205,70.4218524155725
90,2.27919,magnet,0.493753300613406,0.0323827165212694,0.0313113679115084,0.0333468488510905,0.0307690792326176,0.0338750043964007,178.17242789979
32,2.28419,energy,-1.44834204306723,0.00963656179016257,0.00953775945403778,0.00972746416233013,0.00948159464530822,0.00977489988446784,20.0544988340228
32,2.28419,magnet,0.614223091532375,0.0371060499598957,0.0364233820434883,0.0377802110664456,0.0360573047169321,0.038134725090235,43.307987271349
45,2.28419,energy,-1.44445236680531,0.0052727581761512,0.00520352251232906,0.00534109954150545,0.00516145535420181,0.00538371367415514,36.5357506262082
45,2.28419,magnet,0.571803624287055,0.0359153005288847,0.0350628583507753,0.0368121039566845,0.0345409792115667,0.0372350131926281,86.7902301376668
64,2.28419,energy,-1.38377005236693,0.00287596256937319,0.0028287010561498,0.00292231399968798,0.00280312560443564,0.00294670796468082,54.2206173663711
64,2.28419,magnet,0.52357020438691,0.0354532013091613,0.0344326228050655,0.0365655230385882,0.0338938116251921,0.0371431524429024,135.38749662675
90,2.28419,energy,-1.39671459694989,0.00153007270931438,0.00149994928807819,0.00155761725819829,0.00148366826889989,0.00157575583345813,70.1554091999011
90,2.28419,magnet,0.465480736578045,0.0342400418252238,0.0333254357142817,0.03516732438627,0.0328688760835357,0.0357110840250895,175.883476491414
32,2.28919,energy,-1.37391557247899,0.00971736390068771,0.00961696520168547,0.00981342214381744,0.00956191905224533,0.00985593302361482,19.9214551291804
32,2.28919,magnet,0.598069843209572,0.0386564479400875,0.0379851941189263,0.0393117715575902,0.0376300717562205,0.0397215402657737,42.1725172422798
45,2.28919,energy,-1.36362790828924,0.00534489734275054,0.00527239068486774,0.00541670093708193,0.00524113780108164,0.00545476019643706,34.323076577103
45,2.28919,magnet,0.553983249180883,0.0375414033740763,0.0366722727285765,0.0383839212702449,0.0362575607041523,0.0388685103623326,79.68366046887
64,2.28919,energy,-1.38803524543049,0.00283635269478926,0.00278880969436732,0.00288397203357667,0.00276457938826464,0.00290475059280632,54.7257161291836
64,2.28919,magnet,0.487967447056638,0.0390133108528225,0.038102873450305,0.0399551831269919,0.0376190729617502,0.0403817461800598,130.773331723185
90,2.28919,energy,-1.36717755789184,0.00152958916378179,0.00149911025823866,0.00155840191074598,0.00148283505826506,0.0015725718759713,68.6422182632825
90,2.28919,magnet,0.429145276547616,0.0367528943885597,0.0358579737041633,0.0376968532896645,0.0353367664196409,0.0382041832261738,176.903993990975
32,2.29419,energy,-1.32973746205972,0.00978624830644831,0.00968739832441663,0.00988688591867476,0.00963170179424917,0.00994321119640489,20.5564315868713
32,2.29419,magnet,0.590197892017304,0.0392656261130983,0.0385668295413485,0.0399827975043438,0.0381448177635565,0.0404330984503108,44.0349543066419
45,2.29419,energy,-1.38984295488915,0.00547212716945986,0.00540156800624393,0.00554388335833003,0.00535743773321115,0.0055780162073554,38.0795692009106
45,2.29419,magnet,0.530908924162258,0.0398452919172733,0.0390261630557802,0.0406309089500013,0.0385283199310135,0.0410529163996773,85.0249535017504
64,2.29419,energy,-1.3549004440328,0.00279898438846276,0.00274973783049007,0.00284142411521028,0.00272022734671755,0.00286520222924141,53.3560339026123
64,2.29419,magnet,0.472193662105075,0.0366759609175276,0.0357817870496762,0.0374950231793001,0.0353049761875318,0.0379714324437431,130.525469733599
90,2.29419,energy,-1.36355384005373,0.00143411296381718,0.0014087606853148,0.00146047388129016,0.00139121949561058,0.00147566119295691,64.9848158459668
90,2.29419,magnet,0.398013262786596,0.0355210816651421,0.0347136425810925,0.0363842531014175,0.034243716268929,0.0368803360021808,170.219910983815
32,2.29919,energy,-1.35530028886555,0.00962569395370163,0.00953700948734912,0.009724327034258,0.00949016614347367,0.00977099601443458,20.4457852259098
32,2.29919,magnet,0.569956539510767,0.0411165776978936,0.0404142455453348,0.0417392178730209,0.0401192332634368,0.0421109594561483,42.5375167098592
45,2.29919,energy,-1.35362178483245,0.00529891752121315,0.0052262418186432,0.00536819512470151,0.00519445423860327,0.00540488376101926,34.0578859020566
45,2.29919,magnet,0.511546586416475,0.0407945646423699,0.0400255136852667,0.0416446088315075,0.0395848616168313,0.0420871373562421,78.6880561233516
64,2.29919,energy,-1.32903234014742,0.00272093961883357,0.00267682047053924,0.00276571136520635,0.00265448764112306,0.00279082201829171,51.2495981204216
64,2.29919,magnet,0.4422148420828,0.038596443202045,0.0377981488679989,0.0394401248512113,0.0373126612862004,0.039873928466364,127.15805307054
90,2.29919,energy,-1.35376269213003,0.00139966722283438,0.0013750039346446,0.00142458118500502,0.00136091385099975,0.00143869851253188,60.9295411716745
90,2.29919,magnet,0.363060858832893,0.0348894321562042,0.034145002517088,0.0356101820011278,0.0337107590180778,0.0359693803193197,168.900507288509
32,2.30419,energy,-1.37308106537199,0.00977147358097886,0.00967288193326212,0.00987339577017416,0.00961757595120261,0.00992364274287105,20.5410665147102
32,2.30419,magnet,0.554747471015388,0.0431231910168222,0.042450698050086,0.043811843311295,0.0421475459170911,0.0441083898907406,41.9772217081834
45,2.30419,energy,-1.36165574925488,0.00526236712859447,0.00519103777286354,0.00533136157174156,0.00515463966166726,0.00536835625257741,33.3339498515365
45,2.30419,magnet,0.493245688560059,0.0423697411957879,0.0416373952790023,0.0431229317504518,0.0412721378549436,0.0435241159519461,77.8635459808773
64,2.30419,energy,-1.34284142503126,0.00272193260228285,0.00267801816313389,0.00276765141503319,0.00265654662999365,0.00279111541239281,47.9431422193418
64,2.30419,magnet,0.40476386080896,0.040183753831127,0.0394328361118786,0.0408983674811905,0.039037527763055,0.0413106590885386,123.316519403046
90,2.30419,energy,-1.30634114553833,0.00130602826276527,0.0012841428188553,0.00132798285814934,0.00127162935020698,0.00133883454272697,52.0893455448635
90,2.30419,magnet,0.328631485299048,0.0335371796927636,0.0328963413512043,0.0342228462002576,0.0324870125234534,0.0346088828837173,159.55531484477
32,2.30919,energy,-1.38106722689076,0.00977205148372003,0.009680421641853,0.00986298568802124,0.00962492510253931,0.00992048987825474,19.8002251087837
32,2.30919,magnet,0.542090967344886,0.0439646379062889,0.0433581192163438,0.0445764451770813,0.0429972859202844,0.0448377318659724,42.0534349029255
45,2.30919,energy,-1.31841058512171,0.00517394596793514,0.00511484645042217,0.00523578932060889,0.00508315455219843,0.00527124054367977,32.0933036992324
45,2.30919,magnet,0.464668328525147,0.0431438426757073,0.0424808536540676,0.0438439817870632,0.0421692219317104,0.0441702300468131,74.7058588346901
64,2.30919,energy,-1.34238644608353,0.00256590983106604,0.00252672796232241,0.00260750496097082,0.00250147757483251,0.002633347513112,44.9453172494266
64,2.30919,magnet,0.378631339483767,0.03913357364873,0.0384449984035497,0.0398259120371563,0.0380495375317051,0.0401674069073437,119.618378093201
90,2.30919,energy,-1.33549002398923,0.00124224842534379,0.00122096175382876,0.0012631817644667,0.00121175399938747,0.00127493439130276,47.4710237345436
90,2.30919,magnet,0.304411642968067,0.0306740289717617,0.0300783630761076,0.0312746530567441,0.0297367450513419,0.0315946426013495,149.706667347044
32,2.31419,energy,-1.32882970063025,0.00972505386290459,0.0096329365073068,0.00981991384002888,0.00958938014856689,0.0098659300137953,20.0112788504379
32,2.31419,magnet,0.531733806544133,0.0443098711957802,0.0437406190523058,0.0448971470667579,0.0433541740806257,0.0452128606534702,40.9847680205772
45,2.31419,energy,-1.34895136507937,0.00508746894088023,0.00501916284949428,0.00515624695845552,0.00498859258992021,0.00519714275814358,33.5138957832916
45,2.31419,magnet,0.453903713927869,0.0434621294151945,0.04274803527644,0.0441483619082762,0.0424438965773323,0.0444499153860048,77.3898822461855
64,2.31419,energy,-1.32615244222689,0.00247151707774828,0.0024325055635447,0.00250640830687233,0.00241584917246184,0.00252435350198974,40.1834313603898
64,2.31419,magnet,0.354829012416479,0.0371223269285891,0.0365149156560874,0.0377614925637513,0.0361536545197779,0.0381009979900725,111.56620211497
90,2.31419,energy,-1.35137204362543,0.00119976118116025,0.00118256524935032,0.00121779048789458,0.00117320821527927,0.00122592774989219,40.959211577316
90,2.31419,magnet,0.285899816342819,0.0288902975841031,0.0282971082637528,0.0294752541504216,0.0279155145378311,0.0297343269508258,142.977083005853
32,2.31919,energy,-1.23423566926651,0.00968794436775516,0.00959711058978889,0.00978523253223215,0.00954075111078867,0.00983374120957536,18.5587816873702
32,2.31919,magnet,0.510747800645038,0.0461388704767288,0.045544086150177,0.0466572677251119,0.0452093762571822,0.0469680928711127,38.315696686904
45,2.31919,energy,-1.35968024987232,0.00505771299388915,0.00499671211769863,0.00512233682829188,0.00496285311491868,0.00515202192066779,31.1435537742026
45,2.31919,magnet,0.431009086213765,0.0432382479503038,0.0426368724702571,0.0438651330479087,0.0423121980798386,0.0442185113650297,73.4685901996333
64,2.31919,energy,-1.35600104982832,0.00239413594995353,0.00236037071363276,0.00243070712157131,0.00234297785819197,0.00244528823895169,36.3913243998797
64,2.31919,magnet,0.333697956471408,0.0358749795542883,0.0353104760409968,0.0364974672255242,0.0349801980182978,0.0368321937302763,107.208487326284
90,2.31919,energy,-1.31481385537919,0.00112973842583335,0.00111388540327924,0.001145078034486,0.00110420933092447,0.00115288657610013,33.757996554277
90,2.31919,magnet,0.252234063500541,0.0252026111292758,0.0247447630516327,0.0257324354029035,0.0244790034512275,0.026039454564935,130.254529657243
32,2.32419,energy,-1.3730492384136,0.00953800937715452,0.00944432016660453,0.00962959028652135,0.0093930843026169,0.00966713490787123,17.9276643793943
32,2.32419,magnet,0.500713870709489,0.0457094963771626,0.0451482232529045,0.0462202285788733,0.0448476618033051,0.0464763560503082,37.1811231228315
45,2.32419,energy,-1.28595731059389,0.00491858802939765,0.00486048958746614,0.00497519513584882,0.00482705550804542,0.00500887339770378,29.1503555295354
45,2.32419,magnet,0.414668796811654,0.0424104530471299,0.0418657803831692,0.0429925158209828,0.041521968979619,0.0433336754706156,68.8006118031527
64,2.32419,energy,-1.30307661830357,0.00234656493039874,0.0023134882925301,0.00237820785130985,0.00229251615082812,0.00239238333394845,34.1724779482619
64,2.32419,magnet,0.323030604538053,0.0345482567320969,0.0339759375641464,0.0351709990636458,0.0337132699115334,0.0354708545096306,102.399010702231
90,2.32419,energy,-1.31394995748665,0.00108270555206197,0.00106807549152225,0.00109606740012034,0.00106019828423726,0.00110450888842407,29.5350237108999
90,2.32419,magnet,0.229446463898086,0.0235421401339173,0.0230575111389071,0.0240714127576242,0.0227255526143773,0.0242599109535494,123.846375401068
32,2.32919,energy,-1.32041542666233,0.00943829480025917,0.00934755756319837,0.00951924777815954,0.00929821960700286,0.00957093734134167,18.3542113123274
32,2.32919,magnet,0.485339213580917,0.0460638136227031,0.0455435288866442,0.0466020927705315,0.0451972975547288,0.046827745044138,38.2813142465009
45,2.32919,energy,-1.26739057901111,0.00480476899962887,0.00475293066245165,0.00486204124134732,0.00471952101514991,0.00489422174984752,26.7930942390223
45,2.32919,magnet,0.390359388401651,0.042468728422741,0.0419233489245338,0.0430133577421245,0.0415962655896147,0.0433424629365115,66.6425353494639
64,2.32919,energy,-1.33496480426826,0.00227064444631185,0.00223989446944873,0.00229982012737786,0.00222429464102109,0.00231619095916444,31.341353750918
64,2.32919,magnet,0.301597573057841,0.0332374979993558,0.0327242980414291,0.0337629962024163,0.0324348591633279,0.0340770889940046,96.225710728758
90,2.32919,energy,-1.28297202599147,0.00104537779912179,0.00103219796882271,0.00105836704500655,0.00102586633849437,0.00106584093079423,25.5494943076943
90,2.32919,magnet,0.21755565015846,0.0212227933699421,0.0207578058534299,0.021698522166159,0.020514289986125,0.0219454462902083,114.218811225281
32,2.33419,energy,-1.28758902979036,0.00937303470156935,0.00928878923688578,0.00946108771360039,0.00923703270228126,0.00950227391975343,18.274353048584
32,2.33419,magnet,0.467032252881913,0.0472531877739467,0.0467676640880178,0.047807102491423,0.0464850933105233,0.0480609849435746,38.0975757165857
45,2.33419,energy,-1.27710211821318,0.00464790384887541,0.00458993341766127,0.00470344157825278,0.00456072564892294,0.00473176712874913,25.7028770607755
45,2.33419,magnet,0.375908277859445,0.0408627715168931,0.0403538313694745,0.04138817242785,0.0400413268384106,0.0416808914301875,64.2116765242178
64,2.33419,energy,-1.28668322010561,0.00219415132067673,0.00216873553023107,0.00222299279471337,0.00215277633986472,0.0022376376672759,27.1908621080879
64,2.33419,magnet,0.288788155649766,0.0312242964395755,0.0306741204466615,0.0317073105968766,0.0303851803444923,0.0319761665658133,89.6419032019729
90,2.33419,energy,-1.27976303168263,0.00101432718923123,0.00100203459796437,0.00102641153258512,0.000996135748318172,0.00103258161786719,23.1585828285476
90,2.33419,magnet,0.202326190639191,0.0191416254770422,0.01868348431652,0.0196033928534957,0.01846651077877,0.0198249073644902,109.543078617102
32,2.33919,energy,-1.26506215305088,0.00921194847380684,0.00912174642524151,0.00929874147934259,0.00907560030215788,0.00934436877331038,17.5315761989168
32,2.33919,magnet,0.456787625528541,0.0465482506432961,0.0460416074667058,0.0470656481659651,0.0457255586233215,0.0473658732478931,36.5203602497355
45,2.33919,energy,-1.27918063250727,0.00449002982487529,0.00444088884001967,0.00454123303867298,0.00441294769188898,0.00456302610029295,23.2569938079311
45,2.33919,magnet,0.363827023554764,0.0400760336975201,0.0395936548860614,0.0405797455902934,0.039333722943973,0.0408193763919275,60.2135546342404
64,2.33919,energy,-1.25825622045693,0.00210026303182951,0.00207381290435448,0.0021265284518068,0.00206358999431595,0.00214063438754807,24.5712405556388
64,2.33919,magnet,0.269814334569982,0.0289645786740891,0.0284960241146345,0.0294464450460573,0.0282467215348031,0.0296763958449924,83.9059949991067
90,2.33919,energy,-1.27460356064611,0.000989901853176105,0.000979042366653453,0.00100154810657108,0.000972887550206846,0.00100652026509216,21.9855629205948
90,2.33919,magnet,0.198504128628686,0.0182888271458362,0.0179160485708957,0.01866850018718,0.0177177520043311,0.0189037645154162,102.166451777512
32,2.34419,energy,-1.28972572637679,0.00911752877768808,0.00903460326676952,0.00920232697551666,0.00899522120295012,0.00924469373230612,16.1439717624795
32,2.34419,magnet,0.440516183035714,0.0466579903282793,0.0462377540249603,0.0471245615480783,0.0459646292675538,0.0473459421748071,34.4770083501003
45,2.34419,energy,-1.27518625332424,0.0044657872514944,0.00441846955436814,0.00451948582219649,0.00438835225976463,0.00454015686827163,21.8736244349884
45,2.34419,magnet,0.347675915214504,0.0381797027442476,0.0377029385292629,0.0386308412047219,0.0374896910534504,0.0389037484083116,58.7105862797914
64,2.34419,energy,-1.281160092412,0.00202981756168465,0.00200559565837369,0.00205318150968104,0.00199363570846273,0.00206526183703793,21.7915558289582
64,2.34419,magnet,0.255675199876361,0.0265131294735669,0.0260788555949315,0.0269372130696601,0.0258404739509361,0.0271373965259355,78.5220761015802
90,2.34419,energy,-1.27817179675642,0.000961072901609925,0.000951530704541974,0.00097065917028257,0.000946962581173087,0.00097407940809271,17.5713275030956
90,2.34419,magnet,0.180473138999051,0.0164883684442458,0.0161447777201182,0.0168412112493012,0.0159290111695673,0.0170386474446338,89.9736893065269
32,2.34919,energy,-1.23150686629423,0.00889475855903462,0.00881102578527892,0.00897682842081779,0.00877433106328037,0.00902953738016459,16.1377708343336
32,2.34919,magnet,0.425033482142857,0.046997641210676,0.0465387016168791,0.0474716980139089,0.0462599387074714,0.0476913964617508,34.2470653740713
45,2.34919,energy,-1.33100751530242,0.00429309009192245,0.00424121554862891,0.00434153434169258,0.00421501224701654,0.0043659822769242,19.8736872351111
45,2.34919,magnet,0.335199645475469,0.0371561351116102,0.0367335438195915,0.037619984725341,0.0364945528535672,0.0378105127025072,53.0639962350692
64,2.34919,energy,-1.25778574400865,0.00196908677912588,0.00194850552464789,0.00198969956142149,0.00193825639248379,0.00199896591884688,19.2345531647533
64,2.34919,magnet,0.241866452497357,0.0253409704986958,0.0249326450164391,0.0257690196150834,0.0247312710526483,0.0259575903540574,73.8376163552762
90,2.34919,energy,-1.23768372316822,0.00093104765176534,0.000922636838695202,0.000939556074322419,0.000917758994185358,0.000943838154192053,15.216981779962
90,2.34919,magnet,0.171498237438629,0.0141807587587649,0.0138835975381673,0.0144638697908564,0.0137459727498715,0.0146164671122404,82.6861586049187
32,2.35419,energy,-1.23222024526054,0.00876658210366088,0.00868706804084578,0.00884339746038741,0.00865367897407785,0.00888345885791167,14.7955419002302
32,2.35419,magnet,0.413400770721258,0.0461107219621715,0.0456964976201775,0.0465206911827432,0.0454945378582442,0.0467572327303287,32.7694860292768
45,2.35419,energy,-1.22780653262787,0.00412549810926631,0.00408441563081611,0.00416841902422279,0.00406480795923275,0.00418914892594046,17.3886091571239
45,2.35419,magnet,0.315667798243768,0.0356031337585383,0.0351898944187562,0.0360170225686566,0.0349670341930561,0.0362494144796648,48.9413764975646
64,2.35419,energy,-1.27700798770773,0.00188033962088116,0.0018627639267531,0.00189767488336952,0.00185162563751427,0.00191019982823623,16.1727930992059
64,2.35419,magnet,0.225537610778075,0.0229546885022684,0.0226072067245759,0.0233146742174188,0.0223979699512262,0.0234950941970642,64.6412069529057
90,2.35419,energy,-1.27257915988963,0.000923191116021167,0.000915363547590327,0.000930710004850124,0.000910502750546763,0.000934860452506377,13.3112980125942
90,2.35419,magnet,0.162149005423859,0.0132326399315662,0.012974545265038,0.0135132258297805,0.0128180078847626,0.0136520989538877,73.3829667708491
32,2.35919,energy,-1.27746470588235,0.00847037510230561,0.00839587784113297,0.00853804179206004,0.0083601423562253,0.00858194725988959,14.2386990604114
32,2.35919,magnet,0.398906506299075,0.0450252632494577,0.0446486449810425,0.0454603525288205,0.0443970554552344,0.045656938099032,31.682568107407
45,2.35919,energy,-1.24596443562705,0.00404318833275692,0.00400467904211502,0.00408036350708714,0.00398537370561671,0.00410612275151122,16.3057393616487
45,2.35919,magnet,0.305967675753628,0.0349252805441966,0.0345254955166957,0.0353600332152209,0.0342838961392905,0.0355207892872765,48.1241303634824
64,2.35919,energy,-1.28288044355982,0.00187331468079635,0.00185424462088173,0.00189123341043101,0.00184442183619221,0.00190157782046945,14.7160485121458
64,2.35919,magnet,0.218564147792799,0.0218014089337716,0.0214519844587308,0.0221593024125823,0.0212436378556263,0.0223194321166301,60.6593882106233
90,2.35919,energy,-1.24574714463845,0.000900690806774719,0.000893661364778119,0.000908348611115675,0.000890148436348679,0.000911251588132754,11.6983856420311
90,2.35919,magnet,0.151853025722073,0.0123054927911473,0.0120553946290767,0.0125668200053769,0.0119345535293465,0.0126825398735439,68.5517685949121
32,2.36419,energy,-1.38583851102941,0.00838652649893496,0.00831049947692344,0.00846520679551477,0.00827605890203993,0.00849713368173416,14.3221213306341
32,2.36419,magnet,0.385670759888943,0.0450880515328336,0.0446528146478496,0.0454744888158789,0.0444159782671107,0.0457135883830354,32.0356600483346
45,2.36419,energy,-1.28524709284955,0.00393680166164467,0.00389931265620952,0.00397378804790694,0.00387731152889942,0.00399285750142641,16.0205114077837
45,2.36419,magnet,0.294399518962333,0.0333558993149581,0.0329938121676202,0.0337801203850478,0.0327391443648876,0.0340015831822145,46.1708195729839
64,2.36419,energy,-1.25789863464742,0.00180214075140081,0.0017865539558098,0.00181706816089828,0.00177873837152505,0.0018250604816025,12.6554066114498
64,2.36419,magnet,0.209149770392279,0.0203846321923578,0.0200647638564382,0.0207096276149674,0.0199167469991489,0.0208637598906271,56.6412874390569
90,2.36419,energy,-1.26200941668715,0.000891640413855201,0.000884624426016816,0.00089894771465168,0.000881102362035479,0.000902922269703029,11.3777694816161
90,2.36419,magnet,0.146962968357623,0.0111508157409326,0.0109207465141371,0.0113704984395508,0.0108018123098043,0.0114719068099492,65.2588626528158
32,2.36919,energy,-1.27035992647059,0.0082478723387647,0.00817410380819354,0.00832055445363591,0.00813727659372152,0.00835832462650138,13.7845345528199
32,2.36919,magnet,0.374697476262113,0.0437901365273149,0.0433966456431489,0.0441642025178141,0.0431904938579516,0.0443797734182849,30.9066262445448
45,2.36919,energy,-1.25294817138707,0.00382580744511506,0.00379397389280024,0.00386066724736435,0.00377420348067652,0.00387712859848526,13.7846566285687
45,2.36919,magnet,0.282177864138648,0.031663386835228,0.0312901504102009,0.0320309026661585,0.031104433060015,0.0322215964376477,42.8746543252766
64,2.36919,energy,-1.23657722879356,0.00176188997306076,0.00174675665777311,0.00177623581262008,0.00173922011527958,0.00178489716557202,11.7645062983229
64,2.36919,magnet,0.198855408669602,0.019239558241586,0.0189553669456267,0.0195301304323292,0.0188089562342313,0.0196982838096124,51.9882866193977
90,2.36919,energy,-1.20326899470899,0.000879750219674496,0.00087336958354453,0.000886224361301069,0.000870087336135636,0.000890422328680961,9.93290894685095
90,2.36919,magnet,0.1409269066968,0.0105740896724031,0.0103760726875738,0.0107706819083884,0.0102794593682984,0.010874553714676,57.8955282621816
32,2.37419,energy,-1.31784714449218,0.00794501120613401,0.00787610455661357,0.00801412264368791,0.00783873458205213,0.00804400294942311,11.8949748017544
32,2.37419,magnet,0.364148161764706,0.0426326472412567,0.0422633359113733,0.0430119632883966,0.0420708810204121,0.0431999574864643,27.8645433074794
45,2.37419,energy,-1.24325382144215,0.0037253033841659,0.00369513412439822,0.00375718977598827,0.0036791058300436,0.0037740959280902,13.2916486288275
45,2.37419,magnet,0.271430432214746,0.0300397770250268,0.029697517508324,0.0304213044683491,0.0294451435440548,0.03061815157589,42.561427548244
64,2.37419,energy,-1.22978541885504,0.00170917358068409,0.0016964630709557,0.00172284167751848,0.0016891313031233,0.00172973984951174,9.92337501443914
64,2.37419,magnet,0.188595018361036,0.0173401257959112,0.0170599914371329,0.017610362692235,0.0169257542054415,0.0177496325989323,45.9373055562103
90,2.37419,energy,-1.23647061328027,0.000856436934001108,0.00085024309397853,0.000862515730789766,0.000847687735423083,0.000865788275789635,9.28428477773881
90,2.37419,magnet,0.137059711651915,0.00971941642929808,0.00954739197783084,0.00989221772646453,0.00945140836906147,0.00997225975678453,53.3261438624027
32,2.37919,energy,-1.24430795468296,0.00779410224370889,0.00773091060158974,0.00786012213163061,0.0076976254078117,0.00789864123608108,11.9027770536265
32,2.37919,magnet,0.355099172794118,0.041829790103811,0.0414675374233174,0.0422079137948657,0.0412845747749427,0.0424126464487089,28.0727317860422
45,2.37919,energy,-1.19081989809536,0.00367185082920255,0.00364367001160395,0.0037040545192582,0.00362554121959269,0.00372039540510152,12.033461815424
45,2.37919,magnet,0.261125490262717,0.0285995150608608,0.0282643533066427,0.0289549901009645,0.0280614178177724,0.0291684687858775,38.8736287284141
64,2.37919,energy,-1.21460100446429,0.00170960234436162,0.0016970577939105,0.00172312418474774,0.001690354809016,0.00173150333426971,10.0953834589111
64,2.37919,magnet,0.182747935796801,0.0166970601917544,0.016432086036305,0.0169686232424243,0.0163118713252204,0.0170933272905797,46.5106665630501
90,2.37919,energy,-1.22928836064202,0.000853156264257468,0.000847103593358949,0.000859571687070029,0.000844128023768622,0.000861989453995503,9.47022763989385
90,2.37919,magnet,0.130894672850617,0.00911385708430415,0.00893645500610038,0.0092797974908746,0.00886546938984836,0.00935427114644855,50.8523629998057
32,2.38419,energy,-1.17542327161988,0.00776213229436947,0.00769163772739184,0.00782801228191108,0.00765807369040488,0.00786320425315431,11.5607694233139
32,2.38419,magnet,0.344451110853179,0.0412167587759799,0.0408819646766921,0.0415742801902096,0.0406759747994254,0.0417819117303891,26.1551246283187
45,2.38419,energy,-1.24802385372067,0.00356295515549579,0.00353318741998955,0.00359180919666907,0.00351940917893446,0.00360978765862089,11.2989512874868
45,2.38419,magnet,0.256407562774133,0.0281668454874102,0.0278513200007499,0.0284748392798761,0.0276719633058495,0.0286115780640353,35.8534517492848
64,2.38419,energy,-1.22847662867558,0.00168766862061265,0.00167445142621369,0.00170005250434442,0.00166725438508252,0.00170664704412341,9.19904937868895
64,2.38419,magnet,0.180732161179102,0.0160444862754567,0.0158225779027741,0.0162851535722177,0.0156936379054139,0.016405200261445,43.8288193923034
90,2.38419,energy,-1.21043481854964,0.000833802898248824,0.000828199358230222,0.000839546600069103,0.000824796851925206,0.000842598134765984,8.25234443103153
90,2.38419,magnet,0.125421657193852,0.00846183172230651,0.00832120474473278,0.00859885966174831,0.00824730557029702,0.00867746139775384,45.8955796334724
32,2.38919,energy,-1.18362677258403,0.00753744448409127,0.00748096763545628,0.00759854284773713,0.00745179130138817,0.00762713130734229,10.1390351315217
32,2.38919,magnet,0.334375082064076,0.0393757047099736,0.0390507535176398,0.0397472358172254,0.038858677232368,0.0399109410173832,24.9911349969385
45,2.38919,energy,-1.1952654009752,0.00349308333504803,0.00346530387337686,0.00352173671130017,0.00345087512415908,0.00353569362488064,9.69648494210249
45,2.38919,magnet,0.243302871392273,0.0261144284101394,0.025814459390802,0.0264017299554627,0.0256568042452243,0.0265378224841489,32.8037162393956
64,2.38919,energy,-1.20711072085084,0.00163594230355112,0.00162485937084426,0.00164692838398347,0.00161982216804263,0.00165174102464388,8.34437900184687
64,2.38919,magnet,0.168937742508871,0.0149418789455841,0.0147282021383898,0.0151656292491431,0.0145976572100625,0.0152757090526194,41.0578114691821
90,2.38919,energy,-1.21635670588235,0.000817156509129524,0.00081188325219785,0.000822148986535606,0.000809430334655331,0.000825072738056502,7.34796022060623
90,2.38919,magnet,0.121500147708943,0.00782685447457106,0.00769911284950872,0.00795447752202611,0.00763864432846777,0.00801678684070271,42.3179599863239
32,2.39419,energy,-1.09574803046219,0.00746687547341354,0.00740570937591531,0.00752378031036659,0.00738000971153135,0.00754939458359627,10.0917010506188
32,2.39419,magnet,0.32606182707458,0.0387906554053083,0.0384577767768992,0.0391223340070426,0.0382749573482956,0.0392957106889249,24.6425255881018
45,2.39419,energy,-1.23089049036129,0.0034496130592234,0.0034258860613142,0.00347536392895091,0.0034131511323313,0.0034885234213415,9.33408985475862
45,2.39419,magnet,0.235970716692096,0.0251381778458366,0.024864583225215,0.0254358994349091,0.0247137373833521,0.0255899295102448,31.5554699802989
64,2.39419,energy,-1.19456997111345,0.00161900124579372,0.00160830812552629,0.00163040957191473,0.00160295162087822,0.00163522550532605,7.97972632898052
64,2.39419,magnet,0.16731813177827,0.0140607669362383,0.01386094067677,0.0142672827910836,0.0137452220372343,0.0143813361073282,35.6960407896055
90,2.39419,energy,-1.22616775599129,0.000817884974728663,0.000812953669323215,0.000822962988744454,0.000809988113628333,0.000825418606064767,6.87920076592917
90,2.39419,magnet,0.117034753866358,0.00743026699484441,0.00729507005243621,0.00755504938764771,0.00723699132185146,0.00762512876920867,41.889788236539
32,2.39919,energy,-1.23615500262605,0.0072192196241645,0.00716496468123316,0.00727387788951299,0.00713346193159986,0.00730064973628021,9.79764954193005
32,2.39919,magnet,0.318753364627101,0.0375582703349311,0.0372348372946883,0.0378976456704675,0.0370529694939401,0.0380588264599563,24.5407015258928
45,2.39919,energy,-1.20202514550691,0.00338482670032899,0.00335922102016895,0.00341062205326189,0.00334323117690431,0.00342441590510473,9.10444486967119
45,2.39919,magnet,0.227919578777833,0.0241603967777197,0.0238903645573045,0.0244355350064215,0.0237207973319873,0.0245636589280589,31.3182583293385
64,2.39919,energy,-1.22951453354779,0.00160642716974146,0.00159625890502544,0.00161627431205518,0.00159019181418187,0.00162145493472733,7.16446312400482
64,2.39919,magnet,0.159870982142857,0.0132076775668272,0.0130111552171397,0.0133888505561961,0.0129164273483549,0.0134899281711011,33.8481985450612
90,2.39919,energy,-1.18832427596224,0.000801321042375406,0.000796410811695594,0.000806618524285399,0.000793749716732835,0.000809377031016633,6.79606976877002
90,2.39919,magnet,0.11143528306319,0.00685038438380961,0.00674281719530578,0.00695968124244026,0.00668533625779725,0.0070177135144127,37.4707026998533
32,2.40419,energy,-1.22500453775411,0.00710227779951169,0.00705071513384609,0.0071593731658824,0.00702477010493924,0.00718371258249082,8.98993505928382
32,2.40419,magnet,0.307779815522628,0.0361137354854453,0.0358250385252755,0.0364095763966608,0.0356841697709058,0.036584124673079,22.281063498773
45,2.40419,energy,-1.17068813279386,0.00330088179091262,0.00327905439479151,0.0033214856093352,0.0032678196714831,0.00333290471238794,7.69251630633535
45,2.40419,magnet,0.21915347567175,0.0228595337974241,0.0226044512191131,0.0231141755297762,0.0224643995118978,0.0232509342436058,27.8670098237758
64,2.40419,energy,-1.16819514016544,0.00156170259903422,0.00155196161432152,0.0015711183805405,0.00154673730417349,0.00157754864052754,6.69454570858789
64,2.40419,magnet,0.154298398088765,0.0121621809340044,0.0120077812826411,0.0123298062029683,0.0119027820780095,0.0124095640118248,31.9964031792938
90,2.40419,energy,-1.209988490546,0.000792915991633644,0.000788148154021783,0.000797731887459772,0.00078576483881589,0.000799767605554175,6.31407629718347
90,2.40419,magnet,0.109461265880272,0.00654527377572833,0.00644683129194025,0.00664415124394287,0.00638954745115599,0.00669283150149303,36.28325241545
32,2.40919,energy,-1.24200321282445,0.00695098182535808,0.0069008012676643,0.00700161183732275,0.00687702337469722,0.00702566869398066,8.64200828447835
32,2.40919,magnet,0.300413500797256,0.0356548910309674,0.0353526929714131,0.0359511035367361,0.0351926216910167,0.0361135885890393,23.2760721107673
45,2.40919,energy,-1.18492668866065,0.00326527489153437,0.00324495959829697,0.00328750070284235,0.00323133123116653,0.00329815246647065,7.96904846586353
45,2.40919,magnet,0.21554275090777,0.021701204701182,0.0214729450488439,0.0219343259843844,0.0213248154278283,0.0220802526644299,28.4603843481703
64,2.40919,energy,-1.18989600183824,0.00155381388436704,0.00154399016505821,0.00156363351077393,0.00153726776695895,0.00156874144944208,6.52322486704655
64,2.40919,magnet,0.14851547134684,0.0118206670366444,0.0116661458415471,0.0119852557399877,0.0115741222898789,0.0120518784273846,30.5044258408816
90,2.40919,energy,-1.22327737709441,0.000781022300129233,0.000776400191533807,0.000785587115545218,0.000774073699312847,0.0007879487961717,6.06539943430485
90,2.40919,magnet,0.10583501083686,0.00615131436656507,0.00606426463447299,0.00624211495229885,0.00601779646724467,0.00629145604735013,29.9080404376778
32,2.41419,energy,-1.12873487394958,0.00680511050430602,0.00675511786334918,0.00685080716097418,0.00672909798482243,0.00687746838462176,8.08508661569443
32,2.41419,magnet,0.29094275210084,0.0342122752890152,0.0339191401758495,0.0344827129838418,0.0337699887042831,0.034635096582,20.2043941960615
45,2.41419,energy,-1.17469613362382,0.0031945700050298,0.00317481538815437,0.00321556274942522,0.00316309492416211,0.00322408573485288,7.19378597213742
45,2.41419,magnet,0.208412562004871,0.0209957192903401,0.0207811214913147,0.0212318718108111,0.020635731791731,0.0213352129624814,26.2358335252305
64,2.41419,energy,-1.17039331675828,0.00151830056341858,0.00150972609559539,0.00152755466090164,0.00150588302542515,0.00153200475337379,6.07471002045566
64,2.41419,magnet,0.145513190780656,0.0111932168087389,0.0110502224839104,0.0113423711595265,0.0109571584962768,0.0114161538389163,28.7316456607587
90,2.41419,energy,-1.19546540957783,0.000770008173223517,0.000765867431975221,0.000774771737237324,0.000763629900628887,0.000777111988222877,5.96484626108127
90,2.41419,magnet,0.10364136759172,0.00590432746590324,0.0058226121403275,0.0059807683421987,0.00576931639834958,0.00601994758810336,29.2863124233242
