L,temp,energy,spheat
32,2.11918531421302,-1.66408662574135,27.7778136779235
32,2.12418531421302,-1.65711757277928,28.1019486378913
32,2.12918531421302,-1.65013595880213,28.4258173960535
32,2.13418531421302,-1.64314226550506,28.7523290560994
32,2.13918531421302,-1.63613626866026,29.0844258415206
32,2.14418531421302,-1.62911705895593,29.4250654226265
32,2.14918531421302,-1.6220830656273,29.7772102724609
32,2.15418531421302,-1.61503208119022,30.1438228693543
32,2.15918531421302,-1.60796128602185,30.5278650834584
32,2.16418531421302,-1.60086727204083,30.9322996757816
32,2.16918531421302,-1.59374606529508,31.3600915002107
32,2.17418531421302,-1.58659314785114,31.8142057295309
32,2.17918531421302,-1.57940347997326,32.2976002274453
32,2.18418531421302,-1.57217152416673,32.8132090657752
32,2.18918531421302,-1.56489127321881,33.3639141552359
32,2.19418531421302,-1.55755628488048,33.9525020432042
32,2.19918531421302,-1.55015972626787,34.5816031697845
32,2.20418531421302,-1.5426944313911,35.2536113101932
32,2.20918531421302,-1.53515297540032,35.9705816238294
32,2.21418531421302,-1.52752776912587,36.7341067375345
32,2.21918531421302,-1.51981117722662,37.5451716692412
32,2.22418531421302,-1.51199566268599,38.4039901867938
32,2.22918531421302,-1.50407395945227,39.3098274032708
32,2.23418531421302,-1.49603927365659,40.260815984859
32,2.23918531421302,-1.48788551203411,41.2537761684517
32,2.24418531421302,-1.47960753392922,42.2840526322131
32,2.24918531421302,-1.47120142064941,43.3453838073607
32,2.25418531421302,-1.46266475307714,44.4298210325544
32,2.25918531421302,-1.45399688556697,45.5277155337299
32,2.26418531421302,-1.44519920153891,46.6277900486795
32,2.26918531421302,-1.43627533418534,47.7173085794475
32,2.27418531421302,-1.42723133472631,48.7823520191172
32,2.27918531421302,-1.41807577104378,49.808199356541
32,2.28418531421302,-1.40881974157723,50.7798043250073
32,2.28918531421302,-1.39947679318649,51.6823466869617
32,2.29418531421302,-1.39006273717546,52.5018271770541
32,2.29918531421302,-1.38059536445558,53.2256670088183
32,2.30418531421302,-1.37109406829997,53.8432682715057
32,2.30918531421302,-1.36157939050111,54.3464916151448
32,2.31418531421302,-1.3520725131275,54.7300127969053
32,2.31918531421302,-1.34259472267639,54.9915295691585
32,2.32418531421302,-1.33316687564337,55.1318038369949
32,2.32918531421302,-1.32380889409697,55.1545391821106
32,2.33418531421302,-1.31453931684198,55.066108640394
32,2.33918531421302,-1.30537492661203,54.8751600534998
32,2.34418531421302,-1.29633046714295,54.5921349010693
32,2.34918531421302,-1.28741845677026,54.2287404946873
32,2.35418531421302,-1.27864909818859,53.7974147986218
32,2.35918531421302,-1.27003027789769,53.3108186350386
32,2.36418531421302,-1.26156764412223,52.7813827851789
32,2.36918531421302,-1.25326474886568,52.2209288436428
32,2.37418531421302,-1.24512323825062,51.640373878353
32,2.37918531421302,-1.23714307523267,51.0495209989431
32,2.38418531421302,-1.22932277985721,50.4569314995889
32,2.38918531421302,-1.22165967411201,49.8698696247979
32,2.39418531421302,-1.21415012077015,49.294308213963
32,2.39918531421302,-1.20678974811662,48.7349823039675
32,2.40418531421302,-1.19957365487442,48.1954778783822
32,2.40918531421302,-1.1924965918296,47.6783439744521
32,2.41418531421302,-1.18555311850424,47.185217941697
45,2.11918531421302,-1.65564191355992,21.8829922254605
45,2.12418531421302,-1.64999737480744,22.5420641478756
45,2.12918531421302,-1.64424391978895,23.2177040678259
45,2.13418531421302,-1.6383801777245,23.90915597495
45,2.13918531421302,-1.63240501952933,24.6158131743796
45,2.14418531421302,-1.62631750700827,25.3372925206049
45,2.14918531421302,-1.62011682780504,26.0735006700179
45,2.15418531421302,-1.61380221964464,26.8246851647859
45,2.15918531421302,-1.60737288886704,27.5914631288944
45,2.16418531421302,-1.60082792951353,28.3748211006951
45,2.16918531421302,-1.59416625012132,29.1760810935816
45,2.17418531421302,-1.58738651575492,29.9968303093147
45,2.17918531421302,-1.5804871125406,30.8388148562955
45,2.18418531421302,-1.57346614102186,31.7038010711513
45,2.18918531421302,-1.56632144304489,32.5934112579095
45,2.19418531421302,-1.55905066471894,33.5089434542001
45,2.19918531421302,-1.55165135546006,34.4511868356198
45,2.20418531421302,-1.54412110045882,35.4202452724627
45,2.20918531421302,-1.53645768138775,36.4153811779068
45,2.21418531421302,-1.5286592580513,37.4348901292524
45,2.21918531421302,-1.52072456220659,38.4760140141285
45,2.22418531421302,-1.5126530940839,39.5348970770914
45,2.22918531421302,-1.50444531223022,40.6065858244999
45,2.23418531421302,-1.49610280806595,41.6850709737238
45,2.23918531421302,-1.48762845773781,42.7633681181656
45,2.24418531421302,-1.4790265451413,43.8336338701826
45,2.24918531421302,-1.47030285104283,44.8873158437307
45,2.25418531421302,-1.46146470381963,45.9153373125204
45,2.25918531421302,-1.45252098740856,46.9083195988361
45,2.26418531421302,-1.44348210181697,47.8568458326006
45,2.26918531421302,-1.43435987144011,48.7517674244262
45,2.27418531421302,-1.42516739703925,49.5845487941275
45,2.27918531421302,-1.41591884913053,50.3476369645704
45,2.28418531421302,-1.40662920406421,51.0348321039726
45,2.28918531421302,-1.39731392918527,51.6416254588469
45,2.29418531421302,-1.3879886296227,52.1654652135409
45,2.29918531421302,-1.37866867548428,52.60591106134
45,2.30418531421302,-1.36936883331582,52.9646458797179
45,2.30918531421302,-1.36010292844091,53.2453273744394
45,2.31418531421302,-1.3508835643883,53.4532817045337
45,2.31918531421302,-1.34172192176593,53.5950615468715
45,2.32418531421302,-1.33262765202245,53.6779090986391
45,2.32918531421302,-1.32360887248295,53.7091770151567
45,2.33418531421302,-1.31467225913823,53.6957653536715
45,2.33918531421302,-1.30582322427161,53.6436298713394
45,2.34418531421302,-1.29706615831469,53.5574075003085
45,2.34918531421302,-1.28840471017764,53.4401904127076
45,2.35418531421302,-1.27984207811809,53.2934631087172
45,2.35918531421302,-1.27138128400195,53.1171996648443
45,2.36418531421302,-1.26302540723461,52.9101025789419
45,2.36918531421302,-1.25477776012556,52.6699519902192
45,2.37418531421302,-1.24664199326925,52.3940254118155
45,2.37918531421302,-1.23862212689732,52.0795440265116
45,2.38418531421302,-1.23072251131078,51.7241021692156
45,2.38918531421302,-1.22294772574429,51.3260415328784
45,2.39418531421302,-1.21530242979544,50.8847401370903
45,2.39918531421302,-1.20779118450961,50.4007970568356
45,2.40418531421302,-1.20041826120655,49.876105923977
45,2.40918531421302,-1.1931874552653,49.3138218056186
45,2.41418531421302,-1.186101919649,48.718235894389
64,2.11918531421302,-1.65388941788514,32.076439411231
64,2.12418531421302,-1.64573673342195,31.0832688887437
64,2.12918531421302,-1.63792707935009,29.9454938841262
64,2.13418531421302,-1.63047117704424,28.810565659254
64,2.13918531421302,-1.62334798142446,27.7911789472311
64,2.14418531421302,-1.61651486729161,26.9610340344867
64,2.14918531421302,-1.60991719748606,26.3595903735978
64,2.15418531421302,-1.60349580382674,26.0007418022452
64,2.15918531421302,-1.5971920454703,25.881703458104
64,2.16418531421302,-1.59095077309971,25.990214307868
64,2.16918531421302,-1.58472177129024,26.309539743891
64,2.17418531421302,-1.57846023686936,26.8215197824452
64,2.17918531421302,-1.57212672358529,27.5081969453627
64,2.18418531421302,-1.5656868335086,28.3525790129055
64,2.18918531421302,-1.55911080627333,29.3389945240718
64,2.19418531421302,-1.55237306320083,30.4533615059414
64,2.19918531421302,-1.5454517066956,31.6835423303311
64,2.20418531421302,-1.53832795431205,33.0198076735107
64,2.20918531421302,-1.53098549873056,34.455285757946
64,2.21418531421302,-1.52340982493812,35.986143472065
64,2.21918531421302,-1.51558757576409,37.6111593350302
64,2.22418531421302,-1.50750612264179,39.3303383360708
64,2.22918531421302,-1.49915355035829,41.1423190702909
64,2.23418531421302,-1.49051927886631,43.0405574969299
64,2.23918531421302,-1.48159549795266,45.0086394672166
64,2.24418531421302,-1.47237946364222,47.0155366607584
64,2.24918531421302,-1.46287649596598,49.0120765973306
64,2.25418531421302,-1.45310325111223,50.9301674641334
64,2.25918531421302,-1.44309058066977,52.6861657724852
64,2.26418531421302,-1.43288513778386,54.1890028355205
64,2.26918531421302,-1.42254895565754,55.3523125700231
64,2.27418531421302,-1.41215657156114,56.1082136803548
64,2.27918531421302,-1.40178985181132,56.4193028606369
64,2.28418531421302,-1.3915313109636,56.2854989520383
64,2.28918531421302,-1.38145716406793,55.7438182161378
64,2.29418531421302,-1.37163141573677,54.8613901301633
64,2.29918531421302,-1.36210195431863,53.7240182699263
64,2.30418531421302,-1.35289904180629,52.4235092826655
64,2.30918531421302,-1.34403600835912,51.0466474061632
64,2.31418531421302,-1.33551156418452,49.6675267816907
64,2.31918531421302,-1.32731299938359,48.3436427884498
64,2.32418531421302,-1.3194196110811,47.1151848706937
64,2.32918531421302,-1.31180588057588,46.0065314429432
64,2.33418531421302,-1.30444412976529,45.0289299059332
64,2.33918531421302,-1.29730655818572,44.1835611355319
64,2.34418531421302,-1.29036667826732,43.4644696889777
64,2.34918531421302,-1.28360022968891,42.8610883804242
64,2.35418531421302,-1.27698567764346,42.3602615224605
64,2.35918531421302,-1.27050439941443,41.9477761244448
64,2.36418531421302,-1.26414065094308,41.6094617485086
64,2.36918531421302,-1.25788138799822,41.3319368311767
64,2.37418531421302,-1.25171599962598,41.103077605948
64,2.37918531421302,-1.24563599681259,40.9122757754604
64,2.38418531421302,-1.23963468734083,40.7505389407131
64,2.38918531421302,-1.23370685850637,40.6104766203836
64,2.39418531421302,-1.22784848222478,40.486205700856
64,2.39918531421302,-1.22205645158868,40.3732024619947
64,2.40418531421302,-1.21632835368489,40.2681234880509
64,2.40918531421302,-1.21066228013549,40.1686141261464
64,2.41418531421302,-1.20505667419295,40.0731200150039
90,2.11918531421302,-1.64564519939471,18.2239462348194
90,2.12418531421302,-1.63995973425564,18.2294214800925
90,2.12918531421302,-1.63433805192729,18.1820360232466
90,2.13418531421302,-1.628785322292,18.1422769648058
90,2.13918531421302,-1.62329062860189,18.1820638331755
90,2.14418531421302,-1.61782544536791,18.3800894136726
90,2.14918531421302,-1.61234326161969,18.8174153022957
90,2.15418531421302,-1.60678035047133,19.5720079539219
90,2.15918531421302,-1.60105815702335,20.7094941136602
90,2.16418531421302,-1.59508845512821,22.2668591740315
90,2.16918531421302,-1.5887829564086,24.2274773644849
90,2.17418531421302,-1.58206874440558,26.4916162071215
90,2.17918531421302,-1.57490880697845,28.8568012587465
90,2.18418531421302,-1.56732266353396,31.0317108393943
90,2.18918531421302,-1.55939739235326,32.7021308513625
90,2.19418531421302,-1.55127882456804,33.6373551382707
90,2.19918531421302,-1.5431402889547,33.7856396223782
90,2.20418531421302,-1.53513914847807,33.2998243432612
90,2.20918531421302,-1.52737916038987,32.4791810427874
90,2.21418531421302,-1.51989207656572,31.6712278471478
90,2.21918531421302,-1.5126394008705,31.1926760359613
90,2.22418531421302,-1.5055256142501,31.2982948997542
90,2.22918531421302,-1.49841290869925,32.1886032016324
90,2.23418531421302,-1.49113218400002,34.0285817587882
90,2.23918531421302,-1.48349127775431,36.9479603290603
90,2.24418531421302,-1.475286683075,40.9987515392432
90,2.24918531421302,-1.4663281960307,46.0592491017563
90,2.25418531421302,-1.45648413209725,51.7118436884562
90,2.25918531421302,-1.44574256689267,57.1910129394971
90,2.26418531421302,-1.43426069038117,61.5401647081812
90,2.26918531421302,-1.42235745560638,64.0076126848322
90,2.27418531421302,-1.41042606768963,64.4521995041232
90,2.27918531421302,-1.39880279521692,63.4186995537992
90,2.28418531421302,-1.38766815025316,61.8174651566003
90,2.28918531421302,-1.37702805863577,60.4895999057451
90,2.29418531421302,-1.36676220695332,59.9406283491544
90,2.29918531421302,-1.35669734010034,60.2899298917724
90,2.30418531421302,-1.34667351777315,61.3387460344255
90,2.30918531421302,-1.3365908610894,62.6772791060457
90,2.31418531421302,-1.32643348355657,63.8126112997238
90,2.31918531421302,-1.3162684155452,64.3147204673625
90,2.32418531421302,-1.30622014328857,63.946955103381
90,2.32918531421302,-1.29642955197606,62.7234700189906
90,2.33418531421302,-1.2870136086573,60.8642717615677
90,2.33918531421302,-1.27804092436934,58.6805829832753
90,2.34418531421302,-1.26952836429921,56.4587643380479
90,2.34918531421302,-1.2614532237533,54.3929019903828
90,2.35418531421302,-1.25377109278472,52.5737055727261
90,2.35918531421302,-1.24643150727458,51.0129930885318
90,2.36418531421302,-1.23938787301397,49.6788491440604
90,2.36918531421302,-1.23260167921792,48.5254734073187
90,2.37418531421302,-1.2260427026353,47.5118417543371
90,2.37918531421302,-1.2196871675956,46.6096854755882
90,2.38418531421302,-1.21351538881467,45.803959795831
90,2.38918531421302,-1.20750979969052,45.0893357299916
90,2.39418531421302,-1.201653725194,44.4655251312176
90,2.39918531421302,-1.19593089152477,43.9331953222921
90,2.40418531421302,-1.19032547654516,43.4912646336858
90,2.40918531421302,-1.18482245330598,43.135683073994
90,2.41418531421302,-1.17940800876249,42.8594305183013
